Unnamed: 0,time,province,PM2.5(微克每立方米),PM10(微克每立方米),SO2(微克每立方米),NO2(微克每立方米),CO(毫克每立方米),O3(微克每立方米),U(m/s),V(m/s),TEMP(K),RH(%),PSFC(Pa),lat,lon,AQI
0,2015-01-01,西藏,3.288518448079117,3.788295930011411,0.3793457588436668,1.067434385697984,0.1264549258273107,69.71018067706352,6.655988969189806,2.783100038037277,262.35662038798023,47.81256941802967,57397.580502092045,31.435878661087862,88.5014967668315,一级
1,2015-01-02,西藏,3.3192069227843284,3.7686002282236593,0.3943952073031571,0.8806580448839864,0.1318619246861924,72.47812286040319,4.806603271205781,1.823138075313808,262.91493533662987,60.371354127044505,57481.24532712058,31.435878661087862,88.5014967668315,一级
2,2015-01-03,西藏,3.931559528337771,4.842881323697223,0.4846348421453024,0.7935640928109549,0.1297945987067326,75.13793457588437,8.013440471662229,4.331337010270064,264.7468162799544,66.62715481171549,57252.17488398632,31.435878661087862,88.5014967668315,一级
3,2015-01-04,西藏,4.275772156713579,5.041962723468999,0.5677386839102321,0.6068295930011411,0.1371453023963484,78.66390642829974,9.000340433624952,3.3444275389882083,261.94791936097374,64.66061240015215,56904.32525865347,31.435878661087862,88.5014967668315,一级
4,2015-01-05,西藏,2.910464054773678,3.2410365157854697,0.3032693039178394,0.6019513122860403,0.145456447318372,76.92964054773678,7.261023202738683,-2.3193514644351465,257.787588436668,59.64928870292887,56885.979497907945,31.435878661087862,88.5014967668315,一级
5,2015-01-06,西藏,1.4835621909471282,1.686922784328642,0.1062438189425637,0.7832312666413084,0.1304069988588816,70.6365614302016,6.148516546215292,-1.5027291745910991,257.72665271966525,58.60307151007988,56974.77750475466,31.435878661087862,88.5014967668315,一级
6,2015-01-07,西藏,2.3165538227462914,2.4368352985926207,0.1620768352985926,0.779007227082541,0.141314187904146,70.52382845188284,1.7494845949030051,-0.6628565994674782,255.19179345758843,68.4353004944846,56886.26460631419,31.435878661087862,88.5014967668315,一级
7,2015-01-08,西藏,1.9541270445036127,2.180076074553062,0.1755667554203119,0.5479802206162039,0.1462152909851654,74.81496766831495,-0.4166584252567516,-1.664231647014074,252.5565176873336,65.02709775580068,57119.88382464816,31.435878661087862,88.5014967668315,一级
8,2015-01-09,西藏,1.1063807531380754,1.2250190186382657,0.07456447318372,0.5881209585393686,0.1441061240015215,78.51525294788894,1.2124743248383414,-2.4893552681628,252.94245340433625,49.612384937238495,57345.94255610498,31.435878661087862,88.5014967668315,一级
9,2015-01-10,西藏,0.8536705971852416,0.8852966907569418,0.048271205781666,0.6690642829973374,0.1339273488018258,73.12655762647394,3.4921453023963487,-3.801137314568277,256.2859813617345,47.87806960821605,57406.83897489539,31.435878661087862,88.5014967668315,一级
10,2015-01-11,西藏,0.8516279954355268,0.8267078737162419,0.0364416127805249,0.6730943324457969,0.1283815138836059,70.94302015975657,3.658805629516927,-4.019931532902244,258.08784328642065,45.15277672118676,57551.84925827311,31.435878661087862,88.5014967668315,一级
11,2015-01-12,西藏,0.9724419931532904,1.0136534804108026,0.0398326359832636,0.7153309243058197,0.132130087485736,69.8156447318372,4.810184480791175,-2.6867306960821606,259.9566165842526,48.35719855458349,57526.00258082921,31.435878661087862,88.5014967668315,一级
12,2015-01-13,西藏,1.369775580068467,1.575671357930772,0.0916926588056295,0.793972993533663,0.1359281095473564,71.53002472422975,6.054102320273868,-0.5601483453784709,261.1043818942564,51.37412704450361,57325.06907569418,31.435878661087862,88.5014967668315,一级
13,2015-01-14,西藏,2.790443134271586,3.398189425637125,0.2144446557626473,0.8853727653100038,0.1423088626854317,73.01321985545835,5.688992012171929,2.236464435146444,259.28000190186384,60.992847090148345,57046.34846139216,31.435878661087862,88.5014967668315,一级
14,2015-01-15,西藏,3.9123012552301257,4.867308862685432,0.3588645872955496,0.7499790794979079,0.1572004564473184,79.7621414986687,5.611622289844047,2.2137086344617725,257.5138132369722,61.318001141118295,56995.30961011792,31.435878661087862,88.5014967668315,一级
15,2015-01-16,西藏,3.8810707493343473,4.541774438950172,0.3560384176492963,0.7734081399771776,0.1624686192468619,79.60000760745531,3.274197413465196,0.5350266260935718,256.0471148725751,62.53769494104223,57086.42763598326,31.435878661087862,88.5014967668315,一级
16,2015-01-17,西藏,2.4141270445036134,2.8344503613541274,0.1881723088626854,0.6582217573221757,0.1645987067325979,81.8426797261316,0.4250608596424495,-0.825384176492963,254.0756827691137,55.4953575503994,57203.90029288703,31.435878661087862,88.5014967668315,一级
17,2015-01-18,西藏,1.5016850513503233,1.7532065424115637,0.1010384176492963,0.6529440852034994,0.1686458729554963,86.81800684670978,1.6257721567135792,-0.5765329022441993,253.701776340814,52.86349942944086,57164.84423545074,31.435878661087862,88.5014967668315,一级
18,2015-01-19,西藏,1.5344636744009128,1.796148725751236,0.1393495625713199,0.726821985545835,0.1498421453023963,79.55284328642068,3.744575884366679,-1.611998858881704,254.87353366298973,59.60955876759224,57157.6076968429,31.435878661087862,88.5014967668315,一级
19,2015-01-20,西藏,1.003659186002282,1.097603651578547,0.0564815519208824,0.6206104982883226,0.1348820844427539,76.85298592620768,2.931877139596805,-2.0143115252947887,255.6651654621529,51.99796120197794,57439.35074362876,31.435878661087862,88.5014967668315,一级
20,2015-01-21,西藏,1.4309033853176112,1.6212057816660326,0.0727063522251806,0.6999790794979079,0.1382483834157474,78.74577596044122,4.3700342335488775,1.1827424876378851,258.771129707113,44.88023012552301,57503.61401863826,31.435878661087862,88.5014967668315,一级
21,2015-01-22,西藏,3.2526017497147204,3.8588322556104986,0.3210631418790415,0.833520349942944,0.1500798782807151,75.33453023963484,6.336348421453024,2.6843210346139217,261.3195777862305,56.75265690376568,57351.61619437048,31.435878661087862,88.5014967668315,一级
22,2015-01-23,西藏,5.390308101939901,6.392769113731457,0.7440699885888171,0.8216241917078738,0.17728223659186,77.33822556104982,8.557858501331305,2.6766489159376188,260.917740585774,60.31221947508559,56995.78009509319,31.435878661087862,88.5014967668315,一级
23,2015-01-24,西藏,3.751432103461392,4.595486877139597,0.3899258273107645,0.7565747432483835,0.149222137694941,73.6703651578547,7.28406238113351,1.543952073031571,259.2629954355268,54.021243818942565,56997.19132559909,31.435878661087862,88.5014967668315,一级
24,2015-01-25,西藏,2.511513883605934,3.1898687713959686,0.2088836059338151,0.8165652339292506,0.1361658425256751,75.86205211106885,8.15988398630658,2.848101939901103,260.83740966146826,42.97877329783188,57168.30547546595,31.435878661087862,88.5014967668315,一级
25,2015-01-26,西藏,4.097645492582731,5.054012932674021,0.4633586915176874,0.8125446937999239,0.1653727653100038,77.16136744009128,8.704716622289844,4.608191327500951,261.49148535564854,48.313986306580446,57108.47322175732,31.435878661087862,88.5014967668315,一级
26,2015-01-27,西藏,4.401854317230886,5.440072270825409,0.4846671738303538,0.6170673259794599,0.1625142639786991,80.39275199695702,10.540150247242298,5.032875618105744,261.1386458729555,53.308579307721565,56951.07642829973,31.435878661087862,88.5014967668315,一级
27,2015-01-28,西藏,4.126103081019399,5.105625713198935,0.4359661468238874,0.5946557626473944,0.1656770635222518,81.93470711297071,10.392900342335489,3.099661468238874,259.0618352985926,51.93944465576264,56773.11711487258,31.435878661087862,88.5014967668315,一级
28,2015-01-29,西藏,4.287411563332065,5.21646633701027,0.4827234689996196,0.5608025865348041,0.1711468238874096,81.45425637124382,8.222118676302777,4.003965386078357,257.3061468238874,59.27714340053252,56672.349916318,31.435878661087862,88.5014967668315,一级
29,2015-01-30,西藏,4.625323316850514,5.567417268923545,0.6379155572461012,0.5395131228604032,0.1835945226321795,80.26186953214149,8.101939901103082,0.901939901103081,255.4943799923925,59.261736401673645,56591.09303727653,31.435878661087862,88.5014967668315,一级
30,2015-01-31,西藏,1.8704925827310763,2.261669836439711,0.2043267402054012,0.5644903004944847,0.1435697984024344,75.36195131228604,5.881084062381134,-0.8099942944085203,255.34447128185624,55.1070349942944,56866.846926588056,31.435878661087862,88.5014967668315,一级
31,2015-02-01,西藏,1.2297907949790794,1.5488398630658045,0.0903689615823507,0.7074115633320655,0.1464511220996576,75.83483643971091,5.65597565614302,-0.1580125523012552,257.25224610117914,57.3892259414226,56974.09546976037,31.435878661087862,88.5014967668315,一级
32,2015-02-02,西藏,1.4349733739064283,1.762417268923545,0.1041118295930011,0.7917344998098136,0.1530753138075314,76.23630467858501,5.533938759984785,1.7232864206922789,258.99265310003807,57.68234119437048,57192.41137314568,31.435878661087862,88.5014967668315,一级
33,2015-02-03,西藏,3.8531551920882463,4.431880943324458,0.6152814758463294,0.7840053252187144,0.1619379992392544,77.27259794598707,5.830640928109547,2.332489539748954,260.36627995435526,60.69031000380373,57372.4761620388,31.435878661087862,88.5014967668315,一级
34,2015-02-04,西藏,3.8860365157854697,4.575224419931533,0.5279650057055915,0.6898231266641309,0.1543419551160137,76.04414606314188,8.761443514644352,0.5882902244199315,260.5204089007227,52.511654621529104,57219.22718143781,31.435878661087862,88.5014967668315,一级
35,2015-02-05,西藏,1.923837961201978,2.314644351464436,0.1576759224039559,0.6907930772156714,0.1418067706352225,72.11065804488399,6.654591099277291,-1.3203157093952074,260.9934290604793,43.87210536325599,57268.58702928871,31.435878661087862,88.5014967668315,一级
36,2015-02-06,西藏,1.838027767211868,2.160612400152149,0.1418657284138455,0.690321414986687,0.1267154811715481,71.57469379992392,6.223780905287182,-0.7048706732597946,262.0172156713579,43.464825028527954,57244.884931532906,31.435878661087862,88.5014967668315,一级
37,2015-02-07,西藏,2.35560098896919,2.7621662228984403,0.1785336629897299,0.6454716622289843,0.1256903765690376,72.44190756941802,5.8312894636744,1.146103081019399,261.3641841004184,46.35257322175732,57100.80248003043,31.435878661087862,88.5014967668315,一级
38,2015-02-08,西藏,3.510329022441993,4.172306960821605,0.3026169646253328,0.6221243818942563,0.1347641688855078,74.7167116774439,7.041766831494865,1.5124648155192089,260.2226873335869,58.1837961201978,57040.29167173831,31.435878661087862,88.5014967668315,一级
39,2015-02-09,西藏,3.7100019018638255,4.243837961201978,0.3710174971472042,0.6255572461011791,0.1421319893495626,76.71643210346139,5.836344617725371,0.4226245720806389,259.7031666032712,60.38118866489159,57137.52815519209,31.435878661087862,88.5014967668315,一级
40,2015-02-10,西藏,2.6359300114111828,2.980041841004184,0.2629573982502853,0.590003803727653,0.1430696082160517,79.9902928870293,2.5075066565233928,-1.6840262457208064,259.54242487637885,50.726441612780526,57340.93904146063,31.435878661087862,88.5014967668315,一级
41,2015-02-11,西藏,1.460853936858121,1.6360669456066947,0.1165195891974134,0.6041175351844807,0.152700646633701,87.51220045644732,0.9742202358311144,-0.1474419931532902,260.0954944845949,38.27679726131609,57297.45508558387,31.435878661087862,88.5014967668315,一级
42,2015-02-12,西藏,1.966220996576645,2.289376188664892,0.1474286801065043,0.6699809813617346,0.1547774819322936,84.66027006466338,2.335372765310004,0.0223507036896158,260.4739825028528,46.22855077976417,57058.08397679727,31.435878661087862,88.5014967668315,一级
43,2015-02-13,西藏,3.0498307341194373,3.507350703689616,0.2375389882084442,0.6606485355648536,0.1725503993914035,78.94980981361734,3.094039558767592,-1.904653860783568,260.57920121719286,54.15051350323317,56876.17566184861,31.435878661087862,88.5014967668315,一级
44,2015-02-14,西藏,2.597700646633701,2.930481171548117,0.2132845188284519,0.7484214530239635,0.1676511981742107,74.08688284518828,4.441365538227463,-1.7953727653100038,261.0641042221377,54.360505895777855,56825.80821414986,31.435878661087862,88.5014967668315,一级
45,2015-02-15,西藏,2.8695568657284136,3.263942563712438,0.2434956257131989,0.6853651578546976,0.1753727653100038,76.97399201217193,1.2499467478128568,-2.2271224800304297,260.4611240015215,53.07849942944085,57034.06015975656,31.435878661087862,88.5014967668315,一级
46,2015-02-16,西藏,1.2834328642069228,1.5027044503613542,0.1046861924686192,0.6113236972232788,0.1607759604412324,78.20813997717764,3.551203879802206,-0.7769627234689996,261.7056884747052,45.971124001521495,57274.12338531761,31.435878661087862,88.5014967668315,一级
47,2015-02-17,西藏,2.0296633701027007,2.447426778242678,0.2106066945606694,0.6438094332445797,0.1670064663370102,77.25627044503614,5.027284138455687,-0.4010155952833777,262.3882959300114,52.65493914035755,57135.95276531,31.435878661087862,88.5014967668315,一级
48,2015-02-18,西藏,3.1341023202738687,3.7617078737162415,0.2845340433624952,0.6330410802586535,0.1719798402434385,76.52346519589197,5.490758843666794,1.186774438950171,261.6118524153671,61.56047736782046,56923.12573792316,31.435878661087862,88.5014967668315,一级
49,2015-02-19,西藏,5.045707493343477,5.93163179916318,0.6098896918980601,0.5418219855458349,0.1785165462152909,76.15287561810574,7.805131228604031,-0.3849220235831114,261.3097831875238,59.97815709395208,56928.28015214911,31.435878661087862,88.5014967668315,一级
50,2015-02-20,西藏,4.524980981361734,5.0858653480410805,0.6222556104982884,0.5255895777862305,0.177074933434766,74.50393115252947,7.046430201597565,-1.5644218333967288,262.2422765310004,55.91461772537086,57161.598822746295,31.435878661087862,88.5014967668315,一级
51,2015-02-21,西藏,3.790910992772917,4.417634081399772,0.4591061240015215,0.5573944465576265,0.185456447318372,74.51449410422214,4.89511030810194,-2.7878927348801827,262.4336744009129,57.20349372384937,57219.57450361354,31.435878661087862,88.5014967668315,一级
52,2015-02-22,西藏,1.9408273107645493,2.2204507417268924,0.1873868391023202,0.5439083301635602,0.1591764929631038,75.40601559528338,4.473862685431723,-3.84565614302016,263.5063617344998,49.42708063902624,57459.05148155192,31.435878661087862,88.5014967668315,一级
53,2015-02-23,西藏,1.2059699505515404,1.3961924686192468,0.0848763788512742,0.5956124001521491,0.1471852415367059,73.65335678965386,5.552090148345378,-2.7628166603271205,265.4950627615063,49.90288893115253,57615.42702738684,31.435878661087862,88.5014967668315,一级
54,2015-02-24,西藏,1.5713712438189429,1.867057816660327,0.1049106124001521,0.5903290224419931,0.1320387980220616,72.38018067706352,6.238602130087486,-2.3112400152149104,266.5367706352225,52.251238113351086,57557.10862114873,31.435878661087862,88.5014967668315,一级
55,2015-02-25,西藏,2.6656009889691896,3.123379612019779,0.2282445796880943,0.5326435907189045,0.1336325599087105,74.90962723468999,7.866002282236592,1.5764206922784327,267.05652339292504,51.55854697603652,57298.40273107646,31.435878661087862,88.5014967668315,一级
56,2015-02-26,西藏,7.741641308482313,8.932641688855078,1.1357797641688856,0.5574610117915557,0.1919322936477748,81.39434956257132,10.603172308862684,5.843955876759225,266.0751350323317,60.073223659186006,56890.53353176112,31.435878661087862,88.5014967668315,一级
57,2015-02-27,西藏,8.318430962343095,9.53989539748954,1.271154431342716,0.4786211487257513,0.2102034994294408,81.04108596424497,11.425230125523012,4.481477748193229,264.0671548117155,60.47179155572461,56860.59067516166,31.435878661087862,88.5014967668315,一级
58,2015-02-28,西藏,5.775332826169646,6.685389882084443,0.8577215671357931,0.4648763788512742,0.1690985165462153,78.01201597565614,9.43928870292887,2.8445302396348424,263.7566032712058,56.43524914416128,57161.0437485736,31.435878661087862,88.5014967668315,一级
59,2015-03-01,西藏,5.784033853176113,6.705313807531381,1.0322422974515024,0.5131399771776342,0.1586686953214149,77.11200456447318,6.622934575884367,4.041553822746292,265.0173545074173,62.204471281856215,57327.54079497908,31.435878661087862,88.5014967668315,一级
60,2015-03-02,西藏,6.815426017497147,7.7888931152529475,1.3238132369722326,0.4793476607074933,0.1892164321034614,79.26299543552682,7.490300494484595,4.6225484975275775,266.46987067325983,67.84987447698745,57199.55799923925,31.435878661087862,88.5014967668315,一级
61,2015-03-03,西藏,5.511660327120579,6.294885888170407,0.8895568657284139,0.4494998098136173,0.1807036896158235,81.61838341574743,7.855112209965767,3.9047090148345376,263.9904108025865,67.29534043362496,56795.46064282997,31.435878661087862,88.5014967668315,一级
62,2015-03-04,西藏,4.853278813236972,5.651103081019399,0.6400627615062762,0.4643476607074933,0.1756960821605173,83.31908520349943,7.474155572461012,3.127017877519969,260.6315119817421,63.89175732217573,56487.25125903385,31.435878661087862,88.5014967668315,一级
63,2015-03-05,西藏,3.7876626093571697,4.3951255230125525,0.4405895777862305,0.4827196652719665,0.1721795359452263,83.36583491821986,6.538942563712439,0.909535945226322,259.82438759984785,60.34822936477748,56734.67537656904,31.435878661087862,88.5014967668315,一级
64,2015-03-06,西藏,2.897409661468239,3.5413294028147586,0.2556257131989349,0.4979935336629897,0.1442164321034613,80.61918219855458,6.654836439710916,0.6998250285279574,260.3427272727273,58.11532712057817,56950.55300304298,31.435878661087862,88.5014967668315,一级
65,2015-03-07,西藏,2.7368200836820087,3.2331209585393688,0.2118733358691517,0.5213560289083301,0.1390604792696843,80.06077405857741,5.986203879802206,-0.0483967287942183,260.6465671357931,58.17092240395588,57034.09676302776,31.435878661087862,88.5014967668315,一级
66,2015-03-08,西藏,2.693008748573602,3.2017934575884364,0.2018790414606314,0.4881704069988589,0.1387086344617725,81.85493723849372,6.343427158615443,2.988482312666413,262.51124952453404,53.3315614302016,57221.77343476607,31.435878661087862,88.5014967668315,一级
67,2015-03-09,西藏,3.507896538607836,4.23283948269304,0.3856580448839863,0.470971852415367,0.1549144161278052,82.89143020159757,8.245395587675922,4.303124762267022,263.2435488779004,52.9823278813237,57349.08756371244,31.435878661087862,88.5014967668315,一级
68,2015-03-10,西藏,3.84271776340814,4.591998858881704,0.3344484594903005,0.509505515405097,0.1466241917078737,89.13185621909471,6.765028527957398,-0.0859281095473564,262.1333948269304,48.75948459490301,57423.23465766451,31.435878661087862,88.5014967668315,一级
69,2015-03-11,西藏,2.185743628756181,2.507510460251046,0.162054012932674,0.5064130848231266,0.1325047546595663,92.7941403575504,4.694842145302396,-0.2840528718143781,263.64948269303915,40.12830734119437,57635.88452073032,31.435878661087862,88.5014967668315,一级
70,2015-03-12,西藏,2.407438189425637,2.766656523392925,0.0987675922403956,0.5415519208824648,0.1171453023963484,84.82485355648537,7.352942183339672,0.0462343096234309,265.8554469379992,38.248510840623815,57658.70417839482,31.435878661087862,88.5014967668315,一级
71,2015-03-13,西藏,2.939513122860403,3.4765538227462915,0.1985621909471281,0.5420197793837961,0.1139691898060099,81.44041650817802,5.96814758463294,0.640549638645873,265.85426588056293,47.61013693419551,57470.95496386458,31.435878661087862,88.5014967668315,一级
72,2015-03-14,西藏,4.575180677063522,5.457335488779003,0.3506998858881704,0.4977120578166603,0.1412057816660327,84.64469760365158,7.781567135793078,1.2763465195891974,265.2757664511221,58.22502472422974,57357.6172080639,31.435878661087862,88.5014967668315,一级
73,2015-03-15,西藏,4.453379612019779,5.178727653100038,0.4142449600608596,0.4624039558767592,0.130494484594903,80.70928109547357,6.500420311905668,2.1433453784709013,266.17883986306583,54.51862685431723,57460.42046025104,31.435878661087862,88.5014967668315,一级
74,2015-03-16,西藏,5.594138455686573,6.724309623430962,0.7758691517687334,0.4554488398630658,0.1577500950931913,83.06208063902625,7.822154811715481,3.3133491821985546,266.2343362495245,60.07348041080258,57353.15846709776,31.435878661087862,88.5014967668315,一级
75,2015-03-17,西藏,4.149269684290605,5.03929440852035,0.5014663370102701,0.4292487637885127,0.150629516926588,85.54723088626855,6.529087105363256,1.3658539368581208,264.4046234309623,56.91327500950932,57199.758060098895,31.435878661087862,88.5014967668315,一级
76,2015-03-18,西藏,4.128923545074173,4.996717383035375,0.4445036135412704,0.460494484594903,0.1553309243058197,86.07494864967668,6.043683910232027,1.4460346139216431,263.406886648916,57.48619437048307,56943.23858881704,31.435878661087862,88.5014967668315,一级
77,2015-03-19,西藏,4.000806390262458,4.688621148725751,0.4056409281095474,0.4683054393305439,0.1725846329402814,88.04859642449601,5.393990110308102,-0.2688113351084062,261.9909224039559,57.89519208824648,57066.4751103081,31.435878661087862,88.5014967668315,一级
78,2015-03-20,西藏,2.417341194370483,2.872478128565995,0.2231761125903385,0.4496443514644351,0.1451255230125523,86.86764929631038,4.602137694941042,-1.3866755420311907,262.81932293647776,51.59552301255231,57475.54105933815,31.435878661087862,88.5014967668315,一级
79,2015-03-21,西藏,1.985184480791176,2.577173830353747,0.1315462152909851,0.5341365538227464,0.1316641308482312,84.5289977177634,5.505979459870673,-0.6066869532141499,265.1857911753518,53.65572080639027,57536.62069988588,31.435878661087862,88.5014967668315,一级
80,2015-03-22,西藏,1.8213313046785848,2.350140737923165,0.1183282616964625,0.5324914416127805,0.1357569418029669,86.68662419170788,3.5161506276150623,-2.2541898060098897,265.89848041080256,47.20142069227843,57660.4987124382,31.435878661087862,88.5014967668315,一级
81,2015-03-23,西藏,1.978179916317992,2.626492963103842,0.1214948649676683,0.4866508178014454,0.1432616964625332,88.96329402814759,0.0492468619246861,-1.7394009128946368,265.9814872575124,56.01028337771016,57662.70937809053,31.435878661087862,88.5014967668315,一级
82,2015-03-24,西藏,1.1972441993153289,1.4486116394066184,0.0718676302776721,0.4501255230125523,0.1456504374286801,99.8769760365158,-0.5172651198174211,-1.2028451882845188,267.0197242297451,42.99565043742868,57859.74668314949,31.435878661087862,88.5014967668315,一级
83,2015-03-25,西藏,1.3470654241156332,1.749225941422594,0.0853176112590338,0.5743476607074933,0.1443153290224419,100.86760935717002,3.38357740585774,-0.103727653100038,268.9941194370483,40.23989159376189,57847.22686002282,31.435878661087862,88.5014967668315,一级
84,2015-03-26,西藏,2.94142829973374,3.9663883605933816,0.1715290985165462,0.6636192468619246,0.1514130848231266,94.9869494104222,2.6607911753518447,-0.997248003042982,268.8106409281096,48.52146063141879,57916.777346899966,31.435878661087862,88.5014967668315,一级
85,2015-03-27,西藏,4.744709014834538,6.09875427919361,0.3105173069608216,0.5264340053252187,0.150933815138836,92.9588113351084,2.786175351844808,-0.7449543552681628,268.977632179536,53.819975275770254,57849.822504754666,31.435878661087862,88.5014967668315,一级
86,2015-03-28,西藏,5.225758843666793,5.935515405096995,0.38771776340814,0.4992278432864207,0.1561734499809813,95.98385697984024,3.266614682388741,-1.663685812095854,269.7045968048688,46.05194180296691,57741.773706732594,31.435878661087862,88.5014967668315,一级
87,2015-03-29,西藏,4.764340053252187,5.452156713579307,0.3571053632559909,0.561331304678585,0.1416317991631799,94.67932864206922,6.3584328642069226,1.875045644731837,270.4333529859262,44.37533092430582,57561.16592240396,31.435878661087862,88.5014967668315,一级
88,2015-03-30,西藏,8.471496766831494,9.87344998098136,0.7799695701787752,0.505833016356029,0.1840205401293267,92.269813617345,6.589676683149486,3.472949790794979,270.1316203879802,58.05849752757703,57388.16520349943,31.435878661087862,88.5014967668315,一级
89,2015-03-31,西藏,9.295057055914798,11.073265500190187,0.944298212248003,0.4937466717383035,0.1968276911373145,93.90439330543931,6.7582407759604415,1.7711354127044503,268.60079117535184,62.912430581970334,57191.86203309243,31.435878661087862,88.5014967668315,一级
90,2015-04-01,西藏,6.514427538988208,7.53235450741727,0.6009737542791936,0.4931875237732978,0.171369341955116,89.23691517687334,4.979524534043363,0.5876207683529859,267.8554849752758,60.06317230886268,57199.13449030049,31.435878661087862,88.5014967668315,一级
91,2015-04-02,西藏,6.221281856219095,7.195226321795359,0.5255268162799543,0.4876302776721187,0.1853404336249524,89.66404906808673,7.317778623050589,0.0757892734880182,267.7909395207303,62.38767972613161,57018.101711677446,31.435878661087862,88.5014967668315,一级
92,2015-04-03,西藏,4.91859452263218,5.583286420692279,0.476922784328642,0.4769113731456827,0.1738836059338151,89.83338912133891,7.949851654621529,0.748710536325599,268.49727462913654,58.353107645492585,56914.78782426778,31.435878661087862,88.5014967668315,一级
93,2015-04-04,西藏,5.278767592240396,6.003037276531001,0.4303689615823507,0.5348611639406619,0.1708862685431723,89.77077976416889,6.188276911373146,1.782898440471662,267.4644465576265,61.67692468619247,56851.65373335869,31.435878661087862,88.5014967668315,一级
94,2015-04-05,西藏,5.556772537086344,6.393742868010651,0.5244522632179536,0.4599277291745911,0.1829992392544694,93.54642259414229,7.218659186002282,2.368807531380753,266.4163255990871,62.84791745910992,56881.81061810575,31.435878661087862,88.5014967668315,一级
95,2015-04-06,西藏,4.93477938379612,5.387394446557626,0.4753004944845949,0.4565329022441993,0.1813883605933815,94.78902814758465,4.114726131608977,0.6001977938379612,265.1809186002282,59.69943514644351,57051.89834157475,31.435878661087862,88.5014967668315,一级
96,2015-04-07,西藏,5.612885127424876,6.325483073411943,0.3873316850513503,0.4721605173069608,0.1697375427919361,95.66423164701408,3.487698744769874,1.603406238113351,265.58074743248386,60.05593381513883,57222.55485355649,31.435878661087862,88.5014967668315,一级
97,2015-04-08,西藏,6.75032521871434,7.961567135793077,0.5160574362875617,0.436694560669456,0.1875351844807911,97.34683149486496,5.409043362495245,1.2149258273107646,266.0223164701408,66.15905857740586,57261.99325028528,31.435878661087862,88.5014967668315,一级
98,2015-04-09,西藏,7.166388360593382,8.19366679345759,0.6718219855458349,0.503592620768353,0.1949030049448459,96.16,3.676413084823127,-0.4527957398250286,265.8930848231267,65.80359452263218,57207.777306960816,31.435878661087862,88.5014967668315,一级
99,2015-04-10,西藏,6.276658425256751,7.060437428680106,0.5730410802586535,0.4946177253708634,0.1747128185621909,94.12236021300876,2.74217192848992,-1.3645910992772918,265.7712114872575,62.119094712818566,57355.28079688094,31.435878661087862,88.5014967668315,一级
100,2015-04-11,西藏,4.50450931913275,4.990806390262457,0.2912019779383796,0.4663370102700647,0.1474096614682389,94.35360022822366,0.9577672118676304,-1.0018333967287942,265.4301825789273,61.65088436667934,57530.75520159757,31.435878661087862,88.5014967668315,一级
101,2015-04-12,西藏,3.681616584252567,4.149157474324839,0.2522480030429821,0.4675028527957398,0.1458063902624572,98.1862324077596,0.8327710155952834,0.3188588817040699,266.0699429440852,61.01246671738304,57769.78568467098,31.435878661087862,88.5014967668315,一级
102,2015-04-13,西藏,5.866673640167364,6.75169265880563,0.6566089767972613,0.5454336249524534,0.1628166603271205,98.5476378851274,2.000266260935717,0.8633149486496767,267.6107512362115,69.04358311144921,57780.8421662229,31.435878661087862,88.5014967668315,一级
103,2015-04-14,西藏,5.660422213769494,6.182965005705591,0.5630772156713579,0.5178737162419171,0.146998858881704,106.15152529478888,0.7277253708634462,-0.8033567896538608,268.2673488018258,59.349726131608975,57774.38559338152,31.435878661087862,88.5014967668315,一级
104,2015-04-15,西藏,3.9814986686953215,4.461601369341955,0.3302034994294409,0.5772765310003805,0.1395777862305059,107.97109927729176,0.2276816279954355,0.7314948649676682,269.6963864587296,51.91748763788513,57840.37832826169,31.435878661087862,88.5014967668315,一级
105,2015-04-16,西藏,5.128925446937999,6.217721567135793,0.5506979840243439,0.5280315709395207,0.1479402814758463,97.5655800684671,4.51185241536706,1.3278718143780903,270.5543191327501,62.71270445036136,57684.77546595664,31.435878661087862,88.5014967668315,一级
106,2015-04-17,西藏,9.364049068086723,10.909741346519588,0.9764092810954736,0.5372403955876759,0.1556884747052111,95.85483073411945,5.890943324457969,-0.2738664891593761,268.9842906047927,64.2148858881704,57323.0548687714,31.435878661087862,88.5014967668315,一级
107,2015-04-18,西藏,8.98790604792697,10.066209585393686,1.1357493343476608,0.4934689996196272,0.1605838721947508,92.45036135412704,4.146171548117155,-0.4967364016736402,267.1412038798022,61.5487105363256,57139.37730505896,31.435878661087862,88.5014967668315,一级
108,2015-04-19,西藏,4.53223278813237,5.0162190947128185,0.4913198934956257,0.5133339672879422,0.1464872575123621,88.7714263978699,4.750943324457968,-1.914743248383416,268.64756941802966,56.531532902244194,57466.63369341955,31.435878661087862,88.5014967668315,一级
109,2015-04-20,西藏,3.2431494864967667,3.813706732597946,0.3251597565614302,0.6127805249144161,0.1519418029669075,90.71994674781286,5.714874476987448,-0.7349714720426017,270.90095283377707,57.06343476607074,57683.76284138455,31.435878661087862,88.5014967668315,一级
110,2015-04-21,西藏,5.70348992012172,6.628874096614683,0.5570235831114492,0.5828413845568657,0.1661715481171548,95.89363446177254,4.849693799923926,-0.5651597565614302,270.45924876378854,63.23036896158236,57540.01772537086,31.435878661087862,88.5014967668315,一级
111,2015-04-22,西藏,8.3395701787752,9.49844998098136,0.6864777481932294,0.5008235070368962,0.1611715481171548,96.85006276150628,1.9086078356789653,-1.2625808292126284,269.1440319513123,65.20848231266642,57376.57842335489,31.435878661087862,88.5014967668315,一级
112,2015-04-23,西藏,6.829895397489539,7.671038417649296,0.5242107265119818,0.4346044123240776,0.1450741726892354,101.5313617344998,-1.2649391403575505,-1.7821357930772157,268.3224267782427,58.62380562951692,57551.62575884367,31.435878661087862,88.5014967668315,一级
113,2015-04-24,西藏,5.047301255230125,5.561279954355268,0.3811981742107265,0.4610289083301636,0.1385907189045264,103.40097565614302,-1.875266260935717,-0.7398592620768353,268.4259281095474,58.754825028527954,57657.08617154812,31.435878661087862,88.5014967668315,一级
114,2015-04-25,西藏,5.824418029669076,6.762432483834158,0.587776721186763,0.4900266260935716,0.1556066945606694,110.23461201977938,-0.544602510460251,0.1092240395587675,269.1153803727653,59.40080448839863,57641.28673830354,31.435878661087862,88.5014967668315,一级
115,2015-04-26,西藏,6.301150627615062,7.25049638645873,0.6889387599847852,0.4876093571700266,0.1544237352605553,112.66513122860404,0.0780106504374286,-0.067890833016356,269.89662989729936,60.11946937999239,57622.86767972613,31.435878661087862,88.5014967668315,一级
116,2015-04-27,西藏,6.495406998858882,7.504488398630658,0.760494484594903,0.5770292887029289,0.1716546215290985,109.72101369341956,1.545473564092811,-1.221989349562571,270.8611601369342,56.44304488398631,57615.80474705211,31.435878661087862,88.5014967668315,一级
117,2015-04-28,西藏,7.964104222137696,9.139842145302396,0.8611144922023583,0.5765842525675161,0.2054640547736781,106.02181057436287,2.7505610498288324,0.5924115633320655,270.61071319893495,60.11909281095473,57496.32454355268,31.435878661087862,88.5014967668315,一级
118,2015-04-29,西藏,10.082603651578546,11.289191707873716,0.8293001141118296,0.5253613541270444,0.2015157854697603,99.83003233168506,2.655943324457969,0.0737466717383035,269.4002871814378,64.58463674400913,57386.54896158235,31.435878661087862,88.5014967668315,一级
119,2015-04-30,西藏,9.481685051350322,10.492563712438187,0.7144579688094332,0.5255039939140357,0.2039863065804488,96.56451882845188,1.70961962723469,-0.6211316089767972,269.3819779383796,61.94471281856219,57458.21891783949,31.435878661087862,88.5014967668315,一级
120,2015-05-01,西藏,8.068107645492583,9.190515405096995,0.5558634461772537,0.5041498668695322,0.1771167744389501,96.9729954355268,3.401169646253328,0.2278889311525294,270.0746481551921,60.26049828832256,57464.290186382656,31.435878661087862,88.5014967668315,一级
121,2015-05-02,西藏,7.977305058957778,8.88906808672499,0.6499581589958159,0.5314092810954736,0.1917535184480791,99.62723849372384,4.818259794598707,1.0291251426397872,269.81061430201595,60.62713198934957,57372.584467478126,31.435878661087862,88.5014967668315,一级
122,2015-05-03,西藏,8.158826550019018,9.232468619246864,0.7475846329402815,0.4976036515785469,0.2036249524534043,105.27993914035756,5.175726511981742,0.95700646633701,269.55390833016355,59.341266641308486,57395.172166222896,31.435878661087862,88.5014967668315,一级
123,2015-05-04,西藏,8.226899961962724,9.182615062761506,0.6737048307341195,0.4886496766831495,0.1921833396728794,110.96260935717004,4.729102320273868,-0.8146823887409662,269.47914986686953,56.01944655762647,57545.59420882465,31.435878661087862,88.5014967668315,一级
124,2015-05-05,西藏,4.109400912894636,4.430943324457969,0.3080620007607455,0.4959281095473564,0.1482407759604412,119.19948269303916,2.8843381513883606,-2.8424914416127804,269.6880696082161,48.46172499049068,57676.92184480791,31.435878661087862,88.5014967668315,一级
125,2015-05-06,西藏,3.00114111829593,3.4941841004184098,0.2066850513503233,0.5681837200456448,0.137396348421453,115.97267021681247,1.5992487637885129,-1.534146063141879,270.3673640167364,51.15321795359452,57603.442708254086,31.435878661087862,88.5014967668315,一级
126,2015-05-07,西藏,3.545928109547357,3.853723849372385,0.2311125903385317,0.544429440852035,0.1382198554583491,118.34275960441232,0.2912419170787371,-2.801243818942564,271.2162571319894,50.05651578546976,57735.14825028528,31.435878661087862,88.5014967668315,一级
127,2015-05-08,西藏,2.652970711297072,3.043925446938,0.1299391403575504,0.5694522632179536,0.1399885888170406,118.46675732217572,0.9107892734880184,-1.9452491441612785,272.365043742868,45.84214720426018,57784.54239825028,31.435878661087862,88.5014967668315,一级
128,2015-05-09,西藏,3.2600323316850512,3.685500190186383,0.2308178014454165,0.547493343476607,0.145684670977558,117.526030810194,1.5946500570559148,-0.767506656523393,273.198377710156,51.87879231647014,57704.99673449981,31.435878661087862,88.5014967668315,一级
129,2015-05-10,西藏,5.303720045644732,6.204197413465195,0.3831989349562571,0.5593571700266261,0.1523621148725751,117.06999239254468,0.1661525294788893,-0.7963655382274629,274.04833586915174,54.30352985926208,57721.1837961202,31.435878661087862,88.5014967668315,一级
130,2015-05-11,西藏,7.700467858501331,8.571209585393685,0.5042069227843287,0.4901160136934196,0.1593153290224419,122.90731266641308,0.0743495625713198,1.2194028147584632,274.25772346899964,52.83526435907189,57797.1183910232,31.435878661087862,88.5014967668315,一级
131,2015-05-12,西藏,10.91155001901864,11.80265119817421,0.7501920882464816,0.5170083682008368,0.202510460251046,113.11466527196652,2.6104583491821987,0.456027006466337,274.5207987828072,63.287335488779,57689.96377900343,31.435878661087862,88.5014967668315,一级
132,2015-05-13,西藏,11.060279573982502,12.098254089007227,0.7170806390262457,0.516597565614302,0.1994009128946367,107.25778623050589,4.247957398250285,1.0555762647394449,275.2832807151008,60.29478699125143,57606.24724229745,31.435878661087862,88.5014967668315,一级
133,2015-05-14,西藏,10.34636173449981,11.463294028147583,0.6499733739064283,0.5184670977558007,0.1687181437809053,101.17639977177636,4.819370483073412,1.1335697984024344,275.076907569418,57.38594712818562,57650.0050950932,31.435878661087862,88.5014967668315,一级
134,2015-05-15,西藏,11.145935717002663,12.169081399771777,0.6736458729554964,0.5321985545834919,0.163440471662229,95.47743058197034,2.977204260174972,0.8622403955876758,274.7161886648916,61.9275427919361,57669.87020349943,31.435878661087862,88.5014967668315,一级
135,2015-05-16,西藏,10.008060098896918,10.746365538227463,0.7445796880943324,0.4714149866869532,0.1489064282997337,94.6075789273488,2.009712818562191,0.5618790414606314,273.85816660327123,67.05844807911754,57580.319022442,31.435878661087862,88.5014967668315,一级
136,2015-05-17,西藏,7.892160517306961,8.468301635602892,0.6475789273488017,0.5307455306200076,0.1449790794979079,106.73143780905288,0.782738683910232,-0.9267325979459872,274.1002320273868,61.22863636363636,57561.93434385698,31.435878661087862,88.5014967668315,一级
137,2015-05-18,西藏,6.1050095093191326,6.67797071129707,0.5298801825789273,0.5371776340813997,0.1455077976416888,107.21136553822744,2.3710213008748573,-0.432831875237733,274.9535640928109,57.83132369722328,57613.3330391784,31.435878661087862,88.5014967668315,一级
138,2015-05-19,西藏,8.537316470140738,9.675962343096234,0.6370216812476227,0.6250703689615823,0.1557455306200076,102.26673640167364,3.8626873335869134,-1.1397489539748955,274.9323488018258,58.199636744009126,57608.9730391784,31.435878661087862,88.5014967668315,一级
139,2015-05-20,西藏,9.309948649676684,10.169811715481172,0.5817953594522632,0.5045131228604032,0.1791346519589197,97.86224419931531,2.810709395207303,-0.1220863446177253,274.48065994674783,58.31444275389882,57576.5014568277,31.435878661087862,88.5014967668315,一级
140,2015-05-21,西藏,9.063680106504377,9.921839102320272,0.7155306200076075,0.4775808292126283,0.1838645872955496,101.93879421833398,3.0097356409281097,0.3735812095853937,274.3295473564093,61.78020540129327,57480.779030049445,31.435878661087862,88.5014967668315,一级
141,2015-05-22,西藏,8.248082921262837,9.049513122860402,0.7516812476226702,0.4515367059718523,0.1872422974515024,104.77140737923166,2.217291745910993,0.0479840243438569,274.086534804108,62.04053062000761,57428.93043742868,31.435878661087862,88.5014967668315,一级
142,2015-05-23,西藏,8.068543172308862,8.807194750855839,0.8468429060479269,0.4582578927348801,0.1559471281856219,106.53717002662609,2.517449600608596,0.4145397489539749,273.81216432103463,63.37286040319513,57348.81672499049,31.435878661087862,88.5014967668315,一级
143,2015-05-24,西藏,8.424823126664132,9.294376188664891,1.0327596044123242,0.4570216812476226,0.1569817421072651,108.20657854697605,4.56288322556105,0.9356998858881704,273.8924857360213,63.27801065043744,57387.60724800305,31.435878661087862,88.5014967668315,一级
144,2015-05-25,西藏,9.05996006085964,9.851093571700266,0.9380886268543172,0.5025960441232408,0.163862685431723,107.0322993533663,4.868050589577786,0.0582255610498288,274.27986496766835,59.585064663370105,57479.22623621149,31.435878661087862,88.5014967668315,一级
145,2015-05-26,西藏,8.99766831494865,9.88984024343857,0.8662114872575124,0.5437238493723849,0.1638607835678965,104.67720045644732,4.846877139596805,1.1931799163179917,274.39057816660323,60.28262267021682,57551.9903993914,31.435878661087862,88.5014967668315,一级
146,2015-05-27,西藏,8.582611259033854,9.592451502472423,0.7407474324838341,0.5418200836820083,0.1539767972613161,105.30843286420692,5.640422213769494,0.1482217573221757,274.04414225941423,56.2312038798022,57533.97017497147,31.435878661087862,88.5014967668315,一级
147,2015-05-28,西藏,6.379779383796119,6.787945987067325,0.5232255610498288,0.4784499809813617,0.1416888550779764,108.67936667934576,3.6166089767972616,-1.2215138836059338,273.31527006466337,54.02331494864968,57527.072618866485,31.435878661087862,88.5014967668315,一级
148,2015-05-29,西藏,5.286139216432104,5.707118676302777,0.4560403195131229,0.5027443895017116,0.1369056675542031,106.2427653100038,2.679049068086725,-0.870155952833777,274.6812343096234,52.71252757702548,57675.89018067706,31.435878661087862,88.5014967668315,一级
149,2015-05-30,西藏,10.157702548497529,11.144958158995816,0.6605077976416888,0.5126131608976797,0.1410079878280715,103.0253442373526,3.9895131228604033,0.7881666032712058,275.72242677824266,56.76449600608596,57666.16424115633,31.435878661087862,88.5014967668315,一级
150,2015-05-31,西藏,11.838535564853556,12.913427158615445,0.8100437428680106,0.4736458729554963,0.1434290604792696,101.66346899961962,5.608997717763408,0.8156542411563332,275.1272061620388,59.23010650437429,57469.71036896158,31.435878661087862,88.5014967668315,一级
151,2015-06-01,西藏,12.71265119817421,13.614288702928867,0.8955781666032712,0.4760821605173069,0.148668695321415,102.0492620768353,5.349144161278052,1.810739825028528,274.6295701787752,59.58140928109548,57345.94314758463,31.435878661087862,88.5014967668315,一级
152,2015-06-02,西藏,9.355853936858122,10.31752947888931,0.8256827691137314,0.5075161658425257,0.1479136553822746,97.16396348421452,4.952790034233549,1.1446310384176492,274.49627995435526,57.47567706352225,57549.97046595664,31.435878661087862,88.5014967668315,一级
153,2015-06-03,西藏,8.160743628756181,9.073149486496767,0.6585850133130469,0.5572308862685432,0.1409109927729174,87.11282807151008,3.908889311525295,1.6525294788893117,275.47417078737163,59.26952263217954,57735.28846709775,31.435878661087862,88.5014967668315,一级
154,2015-06-04,西藏,7.712151007987828,8.807879421833396,0.6489901103081019,0.5648877900342335,0.1404602510460251,75.78513313046786,3.836015595283378,2.0258387219475087,276.7064492202358,58.44608216051731,57823.77914796501,31.435878661087862,88.5014967668315,一级
155,2015-06-05,西藏,9.212736782046406,10.20810384176493,0.8213484214530239,0.5658006846709775,0.1427367820464054,75.62795169265881,4.944246861924686,1.1655001901863826,277.6900209205021,57.97303347280335,57732.87191517687,31.435878661087862,88.5014967668315,一级
156,2015-06-06,西藏,12.31984594903005,13.302139596804867,0.8949372384937239,0.5697945987067325,0.1405686572841384,81.41318372004565,4.157071129707113,0.999328642069228,277.29173830353744,57.43930772156714,57556.3601787752,31.435878661087862,88.5014967668315,一级
157,2015-06-07,西藏,12.021247622670217,12.878666793457588,0.8843248383415747,0.5366394066184861,0.1294579688094332,92.09369912514263,2.464212628375808,0.4749372384937238,276.62443704830736,59.35665271966528,57552.26045264359,31.435878661087862,88.5014967668315,一级
158,2015-06-08,西藏,9.815566755420312,10.541567135793075,0.8576683149486497,0.5173278813236972,0.1229155572461011,99.6592620768353,0.7252320273868391,-0.0696899961962723,276.1004906808672,62.53711106884747,57620.455846329394,31.435878661087862,88.5014967668315,一级
159,2015-06-09,西藏,8.611882845188285,9.415422213769494,0.8768543172308862,0.5327919360973754,0.1218676302776721,102.67067516165844,0.5511601369341955,0.0741061240015215,276.3279650057056,61.547179535945226,57589.22134271586,31.435878661087862,88.5014967668315,一级
160,2015-06-10,西藏,9.262489539748954,10.19963674400913,0.9041175351844808,0.5622422974515024,0.1291289463674401,95.87206732597946,0.8288113351084063,0.556559528337771,276.92855458349186,60.884127044503614,57601.87106504374,31.435878661087862,88.5014967668315,一级
161,2015-06-11,西藏,10.988231266641307,11.988822746291364,0.9566108786610878,0.5557398250285279,0.1405077976416888,90.53656523392924,3.5943914035755045,0.5605344237352605,276.55448079117537,63.66537847090148,57605.53451692659,31.435878661087862,88.5014967668315,一级
162,2015-06-12,西藏,10.645677063522252,11.152478128565996,0.8093400532521872,0.5351084062381133,0.1414891593761886,95.15798402434386,2.3828375808292126,0.3098573602130087,276.1503955876759,67.12150817801445,57516.47079117536,31.435878661087862,88.5014967668315,一级
163,2015-06-13,西藏,10.414201217192849,10.948410041841004,0.8345853936858121,0.5451768733358692,0.14152149106124,93.0884024343857,2.0261106884747053,1.014370483073412,275.98735070368963,66.68633891213389,57405.05841574743,31.435878661087862,88.5014967668315,一级
164,2015-06-14,西藏,11.058176112590338,11.784676683149486,1.0612076835298592,0.5883187523773298,0.1461848611639406,91.92001901863829,2.9437124381894257,2.2235013313046785,276.0156808672499,68.10614872575124,57343.610340433625,31.435878661087862,88.5014967668315,一级
165,2015-06-15,西藏,9.41984024343857,10.057029288702928,1.1708520349942944,0.5530791175351845,0.1465367059718524,92.18059338151387,5.161783948269304,2.180943324457969,276.3735241536706,67.68996006085965,57348.09621148726,31.435878661087862,88.5014967668315,一级
166,2015-06-16,西藏,9.26804868771396,9.843942563712435,0.975245340433625,0.546825789273488,0.1447679726131609,89.09676873335869,3.949433244579688,1.7613541270445037,276.6490091289464,68.18855458349182,57440.59967287942,31.435878661087862,88.5014967668315,一级
167,2015-06-17,西藏,8.512082540890072,9.20627234689996,0.901106884747052,0.6055819703309243,0.1456637504754659,89.31672689235451,3.529526435907189,1.1433948269303915,277.6462019779384,65.27458349182199,57489.494735640925,31.435878661087862,88.5014967668315,一级
168,2015-06-18,西藏,8.078830353746671,8.909467478128567,0.7951616584252568,0.5968771395968049,0.1398706732597946,91.5364967668315,2.6050570559147963,0.9811867630277672,277.8619589197413,66.82755610498288,57556.59533853176,31.435878661087862,88.5014967668315,一级
169,2015-06-19,西藏,6.521375047546596,7.113632559908711,0.5773849372384937,0.5514054773678204,0.1287523773297832,97.18613731456828,1.9948611639406617,-0.0861106884747052,277.5764891593762,62.03980030429822,57651.34010079879,31.435878661087862,88.5014967668315,一级
170,2015-06-20,西藏,4.783130467858501,5.181605173069609,0.3349942944085203,0.5750190186382654,0.114505515405097,99.1671414986687,-0.0896614682388741,-0.0683548877900342,277.9300019018638,56.74848992012172,57755.710817801446,31.435878661087862,88.5014967668315,一级
171,2015-06-21,西藏,5.699963864587295,6.516363636363637,0.4910251046025105,0.5811943704830734,0.1177653100038037,95.46077025484976,2.4072974515024725,1.4982065424115634,278.65246861924686,65.74917268923545,57628.78732597946,31.435878661087862,88.5014967668315,一级
172,2015-06-22,西藏,6.4957379231647,7.100096995055154,0.6010289083301635,0.5740585774058578,0.1256390262457208,87.85459300114113,4.144689996196272,1.4498801825789274,278.2679954355268,69.51844807911753,57457.99046215291,31.435878661087862,88.5014967668315,一级
173,2015-06-23,西藏,5.637057816660327,6.339535945226322,0.5789806009889692,0.596200076074553,0.1276664130848231,84.35981742107265,2.839071890452644,1.4442563712438188,278.22312666413086,69.5020692278433,57410.58724610118,31.435878661087862,88.5014967668315,一级
174,2015-06-24,西藏,6.5839539748953975,7.180507797641689,0.8517211867630279,0.5819722327881324,0.132112970711297,84.8677653100038,2.4969760365157856,1.7352681627995437,279.74503042982127,65.6216755420312,57465.37061240016,31.435878661087862,88.5014967668315,一级
175,2015-06-25,西藏,8.313054393305439,9.155243438569798,0.9656732597945988,0.5908406238113351,0.1370996576645112,85.75344998098136,2.9406276150627613,3.205308101939901,280.2443609737543,68.1498782807151,57389.544106124005,31.435878661087862,88.5014967668315,一级
176,2015-06-26,西藏,8.70781095473564,9.91856599467478,0.9464225941422594,0.5643761886648916,0.1315994674781285,90.65934956257132,3.96179726131609,4.085823507036896,280.0638113351084,67.73267021681248,57302.60767972613,31.435878661087862,88.5014967668315,一级
177,2015-06-27,西藏,8.302845188284518,9.49048497527577,0.9013636363636364,0.5539292506656524,0.1288759984785089,93.2218847470521,3.2434518828451884,3.77087675922404,279.67811905667554,66.99370483073412,57477.10529669075,31.435878661087862,88.5014967668315,一级
178,2015-06-28,西藏,8.391002282236592,9.565922403955875,1.0190243438569797,0.5765100798782807,0.1370387980220616,90.45836059338151,3.3655211106884746,2.587985926207683,279.6978432864207,66.24693799923926,57763.92724419932,31.435878661087862,88.5014967668315,一级
179,2015-06-29,西藏,8.048398630658046,9.01377139596805,0.9477919360973752,0.5826112590338531,0.1352776721186763,99.62110117915556,2.260439330543933,1.2012324077596044,279.7400399391404,66.76130658044885,57848.97320654241,31.435878661087862,88.5014967668315,一级
180,2015-06-30,西藏,8.716955116013693,9.599069988588818,0.9250874857360212,0.5984119437048308,0.1337048307341194,106.59584442753898,2.214998098136173,1.6122441993153291,280.0533035374667,69.58091860022822,57766.756413084826,31.435878661087862,88.5014967668315,一级
181,2015-07-01,西藏,9.77889121338912,10.79918410041841,1.1112495245340432,0.6532350703689616,0.1357873716241917,110.43788322556104,3.601734499809813,1.589802206162039,280.1669456066946,70.6574933434766,57694.673545074176,31.435878661087862,88.5014967668315,一级
182,2015-07-02,西藏,10.101616584252568,11.188027767211867,1.126690756941803,0.6480448839863066,0.1354317230886268,105.95301065043743,2.890403195131229,0.6278680106504374,279.9327044503613,69.44771395968048,57670.01782046405,31.435878661087862,88.5014967668315,一级
183,2015-07-03,西藏,9.88445987067326,10.769766070749334,1.0550627615062762,0.6151407379231647,0.1307683529859262,104.31548307341195,1.3336230505895776,-0.9589311525294788,279.3199828832256,66.93662799543553,57665.657995435526,31.435878661087862,88.5014967668315,一级
184,2015-07-04,西藏,7.007930772156713,7.474191707873717,0.7368143780905287,0.5794142259414226,0.1182521871434005,104.82014644351464,-1.829400912894637,-2.8966013693419552,278.326304678585,55.17702928870293,57793.73873526055,31.435878661087862,88.5014967668315,一级
185,2015-07-05,西藏,3.9655001901863822,4.20864397109167,0.3653138075313807,0.6385089387599848,0.1162799543552681,105.50519018638266,-2.1086325599087106,-0.9055724610117916,279.78900532521874,40.25856979840243,57813.96105933815,31.435878661087862,88.5014967668315,一级
186,2015-07-06,西藏,5.290890072270825,5.838292126283759,0.5067268923545074,0.7657968809433244,0.125439330543933,102.52774248763788,-0.3852263217953594,1.7148364397109168,280.7710726511982,47.77312095853937,57676.54834347661,31.435878661087862,88.5014967668315,一级
187,2015-07-07,西藏,12.61970711297071,13.975800684670975,1.2805686572841384,0.6412190947128186,0.143765690376569,94.27255990871052,1.24733739064283,1.5755971852415367,279.282137694941,70.02600228223659,57568.66170977557,31.435878661087862,88.5014967668315,一级
188,2015-07-08,西藏,13.033160897679728,13.649391403575503,1.31364397109167,0.6493495625713199,0.142434385697984,90.57083491821986,-0.6988018257892735,0.2553100038037276,278.5926017497147,68.21169265880563,57698.98337200456,31.435878661087862,88.5014967668315,一级
189,2015-07-09,西藏,8.457852795739825,8.899224039558769,0.6859699505515405,0.7092316470140738,0.1289064282997337,91.93734119437048,-2.274853556485356,0.9657892734880182,279.79501331304675,57.12666603271206,57776.60047736782,31.435878661087862,88.5014967668315,一级
190,2015-07-10,西藏,11.368461392164322,12.17314187904146,1.2467801445416509,0.7744028147584633,0.1417078737162419,92.47914796500572,0.5218391023202739,3.5370711297071127,279.67788322556106,67.68658235070369,57636.55767402054,31.435878661087862,88.5014967668315,一级
191,2015-07-11,西藏,13.294309623430962,14.130161658425257,1.5426740205401293,0.7082578927348802,0.1426987447698744,91.42759033853176,2.4184252567516165,2.033845568657284,279.0050380372765,76.0990547736782,57688.93596995055,31.435878661087862,88.5014967668315,一级
192,2015-07-12,西藏,13.41053062000761,14.270968048687712,0.9025599087105364,0.7256409281095474,0.1293590718904526,97.91350513503234,0.4178546976036515,0.3949752757702549,279.87219665271965,72.51067516165843,57806.96655382274,31.435878661087862,88.5014967668315,一级
193,2015-07-13,西藏,12.2328223659186,12.79754659566375,0.8441308482312666,0.7397090148345378,0.1299410422213769,103.1320996576645,0.2399543552681628,-0.4009680486877139,280.8714701407379,70.05774819322937,57801.21597945987,31.435878661087862,88.5014967668315,一级
194,2015-07-14,西藏,11.018497527577026,11.659612019779384,0.7862704450361354,0.7054868771395968,0.130228223659186,99.17087866108788,-1.4458634461772537,-1.8395872955496384,280.0976454925827,67.98450171167744,57749.779066184856,31.435878661087862,88.5014967668315,一级
195,2015-07-15,西藏,6.568691517687333,6.99994484594903,0.366939901103081,0.6268238874096616,0.1225256751616584,97.50814378090529,-2.8187371624191706,-2.6875941422594143,279.37187713959685,53.46074743248384,57718.32125713199,31.435878661087862,88.5014967668315,一级
196,2015-07-16,西藏,5.513619246861925,5.887145302396348,0.2631970330924306,0.650038037276531,0.1181856219094712,98.60952453404336,-2.818311144922024,-2.1154792696842906,278.92567896538606,49.01152339292506,57707.48299733739,31.435878661087862,88.5014967668315,一级
197,2015-07-17,西藏,4.908714340053252,5.321812476226702,0.235058957778623,0.6986610878661088,0.1129573982502852,100.40112019779384,-1.716763027767212,-0.8565138836059338,279.69468238874094,46.19021300874858,57651.0955096995,31.435878661087862,88.5014967668315,一级
198,2015-07-18,西藏,5.376835298592621,6.053189425637124,0.2813351084062381,0.7069456066945606,0.1125561049828832,99.40790414606316,-1.3216584252567516,-0.4397965005705591,279.9196995055154,52.42636173449981,57649.800374667175,31.435878661087862,88.5014967668315,一级
199,2015-07-19,西藏,6.271247622670217,6.8186135412704445,0.3529364777481932,0.6890414606314188,0.1113484214530239,93.86225180677064,-1.7758292126283757,-0.2279155572461011,279.9518143780905,55.653933054393306,57648.22755990871,31.435878661087862,88.5014967668315,一级
200,2015-07-20,西藏,7.815697984024344,8.426144922023584,0.4780791175351844,0.7602700646633701,0.1141783948269304,90.93043172308865,-1.5004108025865348,0.0112799543552681,280.2338493723849,56.31701407379232,57696.994745150245,31.435878661087862,88.5014967668315,一级
201,2015-07-21,西藏,7.795315709395207,8.218798022061621,0.4931342715861544,0.8855724610117915,0.118651578546976,93.19051350323316,-1.632953594522632,-0.7633149486496767,280.75941612780525,51.6702434385698,57819.24202548497,31.435878661087862,88.5014967668315,一级
202,2015-07-22,西藏,6.949492202358311,7.394864967668314,0.3214986686953214,0.8726207683529859,0.1135869151768733,94.32213959680487,-2.0352263217953594,-1.0536116394066186,281.0582008368201,48.56937048307341,57904.394644351465,31.435878661087862,88.5014967668315,一级
203,2015-07-23,西藏,7.973003042982123,8.442383035374668,0.268630658044884,0.8810612400152149,0.1124286801065043,97.29818181818182,-2.695114111829593,-0.8575960441232408,280.9401502472423,45.881492963103845,57959.04394256372,31.435878661087862,88.5014967668315,一级
204,2015-07-24,西藏,8.504433244579687,9.012489539748954,0.2580201597565614,0.887696842906048,0.1112286040319513,104.71305629516928,-3.556475846329403,-0.5409281095473564,281.12686572841386,38.22991251426398,58003.75273868391,31.435878661087862,88.5014967668315,一级
205,2015-07-25,西藏,8.690526816279954,9.099958158995817,0.2046976036515785,0.8780886268543172,0.1106656523392925,101.83166413084824,-2.989741346519589,0.2907702548497527,281.49785469760366,35.728585013313044,57935.06882464815,31.435878661087862,88.5014967668315,一级
206,2015-07-26,西藏,8.939885888170407,9.439231647014074,0.2843001141118296,0.8959642449600608,0.1109984785089387,97.79377710155951,-2.077708254089007,0.8034309623430962,281.52267592240395,41.85635793077216,57844.89689425637,31.435878661087862,88.5014967668315,一级
207,2015-07-27,西藏,10.035389882084443,10.613965386078355,0.3287713959680487,0.8309166983643971,0.1123107645492582,88.01138075313808,-1.9012951692658808,0.8385869151768733,281.68,47.32397679726132,57794.06814378091,31.435878661087862,88.5014967668315,一级
208,2015-07-28,西藏,10.952289844047169,11.419317230886268,0.3631076454925827,0.7828756181057436,0.1132065424115633,89.7868695321415,-1.509792696842906,0.9172099657664512,282.18146633701025,49.38181627995436,57752.64419931533,31.435878661087862,88.5014967668315,一级
209,2015-07-29,西藏,11.787472422974515,12.338651578546976,0.4764244960060859,0.7233529859262077,0.1124153670597185,98.4363826550019,-1.2892544693799923,0.8337162419170788,282.2038740966147,54.22963103841765,57713.007906047926,31.435878661087862,88.5014967668315,一级
210,2015-07-30,西藏,12.159880182578927,12.840405096995056,0.4833054393305439,0.6919798402434385,0.1090661848611639,101.38897109166984,-1.9371110688474704,0.6613217953594522,282.3084119437048,57.352190947128186,57724.84205591479,31.435878661087862,88.5014967668315,一级
211,2015-07-31,西藏,11.65234880182579,12.309758463294028,0.6301007987828072,0.6576778242677824,0.1109224039558767,100.20528337771016,-3.489851654621529,1.2198041080258653,281.6984594903005,60.80010460251047,57721.44180296691,31.435878661087862,88.5014967668315,一级
212,2015-08-01,西藏,10.868674400912894,11.667472422974514,0.8805971852415367,0.6474343856979841,0.1180011411182959,93.05885127424877,-2.677759604412324,2.0774515024724227,281.06978889311523,63.7425142639787,57815.388864587294,31.435878661087862,88.5014967668315,一级
213,2015-08-02,西藏,11.38733168505135,12.225281475846328,0.8578299733739064,0.6736610878661088,0.1232959300114111,93.19623430962343,-1.1300190186382657,1.7233149486496768,281.3108235070369,65.11226511981742,57874.70978318753,31.435878661087862,88.5014967668315,一级
214,2015-08-03,西藏,12.88573221757322,13.716525294788894,0.7755458349182199,0.7528299733739064,0.1225465956637504,98.33319322936478,0.3936763027767211,0.9721586154431342,281.2673107645493,67.21849562571319,57820.67661848612,31.435878661087862,88.5014967668315,一级
215,2015-08-04,西藏,12.610637124381894,13.48657093952073,0.7148630658044884,0.7271605173069607,0.1230201597565614,105.44368391023202,0.3097641688855078,0.4420216812476227,281.5179212628376,68.34160517306961,57720.42458539369,31.435878661087862,88.5014967668315,一级
216,2015-08-05,西藏,14.7142620768353,15.717478128565997,1.0118695321414986,0.6608235070368962,0.1316679345758843,107.86918790414606,0.8728832255610498,0.3678642069227843,280.7393914035755,74.22503233168504,57594.34325789274,31.435878661087862,88.5014967668315,一级
217,2015-08-06,西藏,16.345416508178015,18.310036135412705,1.2380334728033473,0.6590794979079498,0.1465062761506276,106.83600418410042,0.0932445796880943,0.2075256751616584,279.91919551160134,75.55633891213388,57567.13421072652,31.435878661087862,88.5014967668315,一级
218,2015-08-07,西藏,14.469760365157857,15.115775960441232,0.8065443134271587,0.6565462152909851,0.1302928870292887,97.7131666032712,-1.9464073792316468,-0.3314929631038417,280.11737542791934,69.82952263217953,57770.01840813998,31.435878661087862,88.5014967668315,一级
219,2015-08-08,西藏,11.416983643971092,12.06887029288703,0.5602130087485736,0.7393305439330544,0.1251958919741346,89.78252377329784,-1.3874705211106884,0.0856238113351084,281.2655648535565,60.340505895777866,57867.70956257132,31.435878661087862,88.5014967668315,一级
220,2015-08-09,西藏,10.446909471281856,11.090036135412705,0.6005230125523013,0.8073202738683911,0.1312076835298592,85.33523012552301,-0.4103252187143401,0.6573221757322175,281.3517249904907,58.87640928109547,57783.93081019399,31.435878661087862,88.5014967668315,一级
221,2015-08-10,西藏,11.991561430201598,13.036996957017877,0.8543343476607075,0.797109166983644,0.1425313807531381,84.17793837961202,1.1015994674781286,1.4177234689996197,280.91524534043367,65.89021871434005,57787.888320654245,31.435878661087862,88.5014967668315,一级
222,2015-08-11,西藏,12.98292126283758,13.942923164701408,1.0852738683910232,0.6863826550019019,0.1563046785850133,85.6926150627615,2.1928147584632938,0.8724572080639027,281.14203119056674,68.30992012171929,57892.838050589584,31.435878661087862,88.5014967668315,一级
223,2015-08-12,西藏,17.505443134271584,18.53761886648916,0.9737181437809054,0.6945739825028528,0.1572556104982883,82.41035945226321,0.8504050969950552,0.3557721567135793,280.9876416888551,70.10511030810194,57908.57140547736,31.435878661087862,88.5014967668315,一级
224,2015-08-13,西藏,17.094990490680868,18.09484594903005,1.0813217953594525,0.6834918219855459,0.1611106884747052,83.12992012171928,1.510013313046786,0.891808672499049,280.779703309243,71.97410802586535,57855.27217953595,31.435878661087862,88.5014967668315,一级
225,2015-08-14,西藏,14.423520349942944,15.33928299733739,1.0242278432864207,0.6683320654241156,0.1615081780144541,84.76125903385318,2.278195131228604,0.5919379992392544,280.68861354127046,72.9511316089768,57777.10256371243,31.435878661087862,88.5014967668315,一级
226,2015-08-15,西藏,12.267750095093191,12.961492963103842,0.9366888550779764,0.6756257131989349,0.1578642069227843,86.51426968429061,2.2647660707493342,0.4267801445416508,280.4937314568277,71.87234119437049,57791.4881019399,31.435878661087862,88.5014967668315,一级
227,2015-08-16,西藏,12.009747052111068,12.465652339292506,0.8871757322175733,0.7003936858120958,0.1520996576645112,84.9502434385698,0.7494922023583112,0.1830620007607455,279.6900475465957,75.00025865348042,57830.87905667554,31.435878661087862,88.5014967668315,一级
228,2015-08-17,西藏,11.667890833016356,12.38298782807151,1.2164682388740966,0.7295758843666794,0.1551787751996957,86.16391974134652,2.0622556104982883,1.3010954735640927,279.3735165462153,76.41709965766451,57700.1094427539,31.435878661087862,88.5014967668315,一级
229,2015-08-18,西藏,10.91806960821605,11.611006085964243,1.3377577025484977,0.6817554203119057,0.1543704830734119,83.49464815519208,2.247639786991252,0.0089825028527957,278.43626093571703,74.9231513883606,57677.61398060099,31.435878661087862,88.5014967668315,一级
230,2015-08-19,西藏,9.611713579307722,10.077763408139976,1.1385165462152909,0.6517249904906809,0.1452605553442373,91.76496576645113,-1.5833682008368202,-1.286534804108026,276.6239558767592,69.21251236211488,57859.87608216052,31.435878661087862,88.5014967668315,一级
231,2015-08-20,西藏,7.464591099277292,7.838847470521111,0.6801635602890833,0.6383339672879422,0.1371262837580829,92.37629516926587,-2.5956789653860786,-0.7750266260935718,276.7779326740206,60.124478889311526,57929.82779383797,31.435878661087862,88.5014967668315,一级
232,2015-08-21,西藏,7.380321414986687,7.855791175351845,0.6538436667934575,0.7253613541270445,0.1397527577025485,90.4011106884747,-1.9881456827691133,0.2508539368581209,277.47323887409664,61.09949030049448,57830.282759604415,31.435878661087862,88.5014967668315,一级
233,2015-08-22,西藏,8.218008748573602,9.341607074933435,0.9137980220616204,0.7455667554203119,0.1547945987067326,88.82665842525675,0.0357017877519969,1.7658558387219476,277.981184861164,67.98658044883986,57625.789457968815,31.435878661087862,88.5014967668315,一级
234,2015-08-23,西藏,9.443227462913654,10.367211867630278,1.116860022822366,0.755228223659186,0.1721643210346139,88.5415766451122,2.46174210726512,1.6162647394446557,278.1421795359452,73.51139026245721,57513.53367440091,31.435878661087862,88.5014967668315,一级
235,2015-08-24,西藏,7.864450361354127,8.418204640547737,0.7675503993914036,0.745477367820464,0.1602890833016356,85.41481932293648,2.6217858501331306,0.9783834157474324,278.8079516926588,68.00256751616584,57609.60906998859,31.435878661087862,88.5014967668315,一级
236,2015-08-25,西藏,7.756894256371244,8.54979079497908,0.6292868010650438,0.7779269684290605,0.1583891213389121,84.91822746291365,2.5562362114872577,0.6634918219855458,279.6037010270065,64.88492582731077,57668.51749144162,31.435878661087862,88.5014967668315,一级
237,2015-08-26,西藏,10.051917078737164,11.2975142639787,0.5965614302015976,0.7787980220616204,0.1571015595283377,93.98031000380372,2.4906846709775583,0.3936858120958539,279.7310060859642,61.72890642829974,57738.64012742488,31.435878661087862,88.5014967668315,一级
238,2015-08-27,西藏,10.312029288702927,10.960631418790417,0.5692031190566755,0.7012761506276151,0.1502244199315329,98.12857550399391,0.6550323316850514,0.5878946367440091,279.2493134271586,65.2758025865348,57790.243925446935,31.435878661087862,88.5014967668315,一级
239,2015-08-28,西藏,10.845169265880564,11.486865728413846,0.6991460631418791,0.7517649296310385,0.1561886648915937,92.5444484594903,2.175074172689236,0.2917478128565994,278.96349942944084,68.22108406238114,57733.6330753138,31.435878661087862,88.5014967668315,一级
240,2015-08-29,西藏,9.382936477748194,10.00690186382655,0.6425542031190568,0.7575408900722709,0.1523259794598707,87.42079688094333,2.0255705591479654,0.9437029288702928,278.7781608976797,66.90384366679345,57672.34670026626,31.435878661087862,88.5014967668315,一级
241,2015-08-30,西藏,8.684758463294028,9.159258273107644,0.6401559528337771,0.7502567516165842,0.1532788132369722,85.2093476607075,2.8690947128185624,1.0177044503613542,279.1726664130848,64.2428794218334,57654.44166222898,31.435878661087862,88.5014967668315,一级
242,2015-08-31,西藏,9.198265500190187,9.92833016356029,0.7371491061240015,0.7714568276911373,0.1606713579307721,80.70818372004564,3.0243476607074933,1.182500950931913,279.5045930011411,61.47507417268923,57641.87530429821,31.435878661087862,88.5014967668315,一级
243,2015-09-01,西藏,9.601293267402054,10.465808292126283,0.9918828451882844,0.7375941422594142,0.1757911753518448,75.39428489920122,2.773206542411564,1.200321414986687,278.85829783187523,63.95943134271586,57523.38490490681,31.435878661087862,88.5014967668315,一级
244,2015-09-02,西藏,9.080026626093572,9.928967287942184,1.0621072651198176,0.6520197793837962,0.179678585013313,75.40497337390643,2.300302396348421,1.7704963864587295,278.09500190186384,64.65747432483835,57561.56478128566,31.435878661087862,88.5014967668315,一级
245,2015-09-03,西藏,8.798316850513503,9.468035374667174,1.1776435907189045,0.6137961201977938,0.1807664511220996,83.99589767972613,3.0103176112590337,2.52403004944846,278.7878052491442,61.77976226702168,57729.02571700267,31.435878661087862,88.5014967668315,一级
246,2015-09-04,西藏,8.118965386078356,8.765781666032712,1.008990110308102,0.6311316089767973,0.17885888170407,86.42548117154811,2.307375427919361,1.247780524914416,278.9926550019018,60.52893115252948,57923.51240205401,31.435878661087862,88.5014967668315,一级
247,2015-09-05,西藏,8.180874857360212,9.094178394826931,0.8478223659186003,0.670591479650057,0.1795549638645873,93.14410041841003,2.798503233168505,1.4634347660707492,279.5821129707113,59.26872575123622,57889.7895587676,31.435878661087862,88.5014967668315,一级
248,2015-09-06,西藏,9.796502472422976,10.802942183339674,0.9001996957017877,0.6537561810574363,0.1847033092430582,106.95882655001904,3.057689235450742,2.3044655762647395,279.1423944465576,62.12919360973754,57765.40206732598,31.435878661087862,88.5014967668315,一级
249,2015-09-07,西藏,10.422704450361357,11.371462533282616,0.9430658044883988,0.6551863826550018,0.188976797261316,102.32044123240776,4.694849752757703,2.5650380372765307,278.6859414225941,57.239941042221375,57685.97514073793,31.435878661087862,88.5014967668315,一级
250,2015-09-08,西藏,9.650456447318373,10.745985165462152,0.7807968809433246,0.7056618486116394,0.1786610878661088,98.6096196272347,4.406848611639407,1.6588151388360592,278.37212438189425,51.79889501711678,57717.0882597946,31.435878661087862,88.5014967668315,一级
251,2015-09-09,西藏,9.016308482312668,10.182968809433245,0.6520996576645113,0.6880087485736022,0.1708482312666413,99.83168505135032,2.7926055534423737,1.2584594903004944,278.5450095093192,50.73257322175732,57840.99125903386,31.435878661087862,88.5014967668315,一级
252,2015-09-10,西藏,7.882122480030429,8.827008368200838,0.5701369341955116,0.6518828451882845,0.1631704069988589,103.52531761125904,2.3601331304678586,1.345853936858121,278.84831114492204,52.03405477367821,58010.56787371624,31.435878661087862,88.5014967668315,一级
253,2015-09-11,西藏,8.129916317991631,8.842799543552681,0.5336268543172309,0.5656219094712819,0.1546728794218334,104.52455116013692,2.7150437428680108,0.9594541650817804,278.53772917459105,54.79544313427159,57967.43374476987,31.435878661087862,88.5014967668315,一级
254,2015-09-12,西藏,9.469362875618106,10.122120578166603,0.6176264739444656,0.6142449600608596,0.1514739444655762,100.5897413465196,2.985148345378471,0.9275066565233928,277.8201407379232,59.15750855838722,57912.04662609358,31.435878661087862,88.5014967668315,一级
255,2015-09-13,西藏,9.721464435146444,10.38886458729555,0.7324400912894636,0.6211696462533283,0.1519551160136934,97.68545074172688,3.370009509319132,0.4597755800684671,277.83299923925443,56.73179726131609,57904.97977748194,31.435878661087862,88.5014967668315,一级
256,2015-09-14,西藏,10.00762457208064,10.540083682008367,0.8546329402814759,0.646162038798022,0.1537371624191708,98.08354317230886,3.256536705971852,0.9510840623811336,278.03086534804106,53.29963864587295,57799.811213389126,31.435878661087862,88.5014967668315,一级
257,2015-09-15,西藏,11.074811715481172,11.828662989729937,0.915283377710156,0.6658254089007227,0.1558710536325599,100.53122099657664,4.274640547736782,1.0228508938759984,277.5495777862305,54.78470711297071,57755.91091860023,31.435878661087862,88.5014967668315,一级
258,2015-09-16,西藏,9.58755800684671,10.25826359832636,0.708482312666413,0.6425960441232408,0.147586534804108,101.95084823126663,3.61395777862305,0.9438874096614682,276.9950209205021,57.52682769113731,57753.3713560289,31.435878661087862,88.5014967668315,一级
259,2015-09-17,西藏,10.44712248003043,11.072312666413085,0.7484766070749334,0.6589844047166223,0.1465329022441993,92.15625903385316,4.120146443514645,1.4487675922403955,276.9214720426017,59.76897299353367,57826.812168124765,31.435878661087862,88.5014967668315,一级
260,2015-09-18,西藏,11.221167744389502,11.856647014073792,0.8961163940661848,0.6705572461011792,0.1510403195131228,83.30489920121718,3.763001141118296,0.7820121719284898,277.17481361734497,59.77593952073032,57975.58748003044,31.435878661087862,88.5014967668315,一级
261,2015-09-19,西藏,11.098533662989729,11.821983643971093,0.8986744009128945,0.6571243818942564,0.1415195891974134,86.04986877139598,2.856042221376949,1.073952073031571,277.5675580068467,62.14621909471282,57924.14677443895,31.435878661087862,88.5014967668315,一级
262,2015-09-20,西藏,10.743347280334728,11.416666032712058,0.7860669456066947,0.6738855077976417,0.1266032712057816,98.27784709014834,5.12793267402054,1.6572974515024723,277.7768619246862,65.99939901103082,57783.01315709396,31.435878661087862,88.5014967668315,一级
263,2015-09-21,西藏,9.274756561430202,10.064243058197034,0.632206162038798,0.6850931913275009,0.1222499049068086,102.19564092810955,5.112451502472423,0.7318980600988969,277.6269341955116,66.48247052111068,57721.36283377709,31.435878661087862,88.5014967668315,一级
264,2015-09-22,西藏,9.826755420311908,10.59879802206162,0.7024876378851274,0.7084499809813618,0.1251692658805629,96.0410954735641,3.420568657284138,1.1511278052491445,277.69706542411564,68.60644541650818,57687.10655382274,31.435878661087862,88.5014967668315,一级
265,2015-09-23,西藏,10.996297071129709,11.918936858120958,1.1662628375808293,0.708364397109167,0.1614644351464435,80.93054963864587,6.141548117154811,1.9652605553442373,278.2942696842906,70.0009243058197,57616.34425256751,31.435878661087862,88.5014967668315,一级
266,2015-09-24,西藏,10.305753138075314,10.985465956637505,1.103157093952073,0.6864758463294028,0.1776816279954355,73.72840623811335,4.727025484975276,1.3894617725370864,277.6265671357931,62.5929440852035,57518.57937809053,31.435878661087862,88.5014967668315,一级
267,2015-09-25,西藏,11.405414606314189,12.208822746291364,1.2225161658425256,0.7331780144541651,0.1900931913275009,75.70655382274629,5.181936097375428,2.0638227462913656,277.7144769874477,56.38384176492963,57411.51970901484,31.435878661087862,88.5014967668315,一级
268,2015-09-26,西藏,9.97393115252948,10.786977938379612,0.7893856979840244,0.7112590338531761,0.1857683529859262,76.99297071129706,5.299136553822747,2.259712818562191,277.4480429821225,52.34346139216432,57501.56833206543,31.435878661087862,88.5014967668315,一级
269,2015-09-27,西藏,10.169747052111068,10.963486116394067,0.5854241156333206,0.6549258273107645,0.179678585013313,78.30273297831876,5.673179916317992,2.542175732217573,276.4714092810955,51.08695321414987,57590.708592620766,31.435878661087862,88.5014967668315,一级
270,2015-09-28,西藏,8.662715861544314,9.356131608976796,0.4115043742868011,0.6403746671738304,0.1705838721947508,82.54597185241536,5.783101939901103,2.431704069988589,275.7770254849753,48.45994674781286,57698.47691517688,31.435878661087862,88.5014967668315,一级
271,2015-09-29,西藏,5.772928870292887,6.431671738303538,0.2527443895017117,0.7528680106504374,0.1633758082921262,84.06496576645112,4.339604412324078,1.6467668314948651,276.4165405096995,42.56203689615823,57951.27947318373,31.435878661087862,88.5014967668315,一级
272,2015-09-30,西藏,4.566964625332826,5.068826550019018,0.1715747432483834,0.8156922784328642,0.1587504754659566,82.52904146063142,1.58614111829593,0.2025123621148725,277.1210270064664,38.962748193229366,58210.02605933815,31.435878661087862,88.5014967668315,一级
273,2015-10-01,西藏,5.647426778242678,6.17988969189806,0.1943001141118296,0.819142259414226,0.1591118295930011,84.3418048687714,3.55369912514264,1.4528261696462534,277.57859071890454,39.03484024343857,58170.74319322936,31.435878661087862,88.5014967668315,一级
274,2015-10-02,西藏,7.109136553822745,7.703328261696463,0.2362400152149106,0.6946348421453024,0.1518904526435907,87.93672689235451,4.603535564853557,0.0702225180677063,276.1611867630278,40.17349182198554,57978.60577405858,31.435878661087862,88.5014967668315,一级
275,2015-10-03,西藏,7.452531380753139,7.955850133130468,0.3219360973754279,0.6380734119437049,0.1453214149866869,88.0699068086725,3.0167725370863447,0.4285032331685052,274.9013236972233,44.61008748573602,57795.10694560669,31.435878661087862,88.5014967668315,一级
276,2015-10-04,西藏,7.984516926588055,8.581821985545835,0.4717402054012932,0.5513788512742488,0.1475713198934956,85.63981171548117,2.688537466717383,1.5036363636363637,274.0331380753138,48.93838341574743,57780.07811905668,31.435878661087862,88.5014967668315,一级
277,2015-10-05,西藏,5.905770254849753,6.393168505135032,0.3942887029288703,0.564903004944846,0.1362476226702168,88.11058577405858,3.987634081399772,0.9741555724610116,273.6764606314188,46.01574933434766,57843.11177063522,31.435878661087862,88.5014967668315,一级
278,2015-10-06,西藏,4.280947128185622,4.689066184861164,0.3251369341955116,0.6660232027386839,0.1300551540509699,88.93658425256751,1.7748649676683148,1.050252947888931,274.3282864206923,41.80003803727653,57881.82163370102,31.435878661087862,88.5014967668315,一级
279,2015-10-07,西藏,4.7500855838721945,5.253081019399011,0.3334423735260555,0.6883130467858501,0.1290262457208063,87.75820083682008,2.4033777101559526,1.189077596044123,274.7021129707113,40.02910232027386,57871.10182388741,31.435878661087862,88.5014967668315,一级
280,2015-10-08,西藏,5.147225180677063,5.728164701407379,0.392852795739825,0.6920045644731837,0.1282597945987067,85.3856523392925,1.4262438189425637,0.2044750855838721,274.2441631799163,44.47718143780905,57809.5500893876,31.435878661087862,88.5014967668315,一级
281,2015-10-09,西藏,5.130798782807151,5.608179916317992,0.4985526816279954,0.5866489159376188,0.1320216812476226,83.22953214149867,-0.7716698364397109,-0.914923925446938,272.9119855458349,53.95792126283758,57618.4349106124,31.435878661087862,88.5014967668315,一级
282,2015-10-10,西藏,4.3668657284138455,4.782793837961202,0.640017116774439,0.5105363255990871,0.1344256371243818,86.28981742107266,-3.0661163940661846,-1.223406238113351,271.5513465195892,53.75951502472424,57683.51623050589,31.435878661087862,88.5014967668315,一级
283,2015-10-11,西藏,5.310093191327502,5.764657664511221,0.9887580829212628,0.5641974134651959,0.1445663750475466,90.26602890833016,-0.5509927729174591,-0.3949125142639786,271.6718999619628,48.32798212248003,57823.01632369722,31.435878661087862,88.5014967668315,一级
284,2015-10-12,西藏,5.732236591860023,6.185928109547357,1.027696842906048,0.6818885507797642,0.1435812095853937,93.15452263217954,1.06869912514264,-0.5000836820083682,272.29212438189427,44.65974134651959,57901.6842639787,31.435878661087862,88.5014967668315,一级
285,2015-10-13,西藏,5.329324838341575,5.902173830353747,0.8965062761506276,0.6881666032712058,0.1374115633320654,91.5590966146824,-1.0836667934575883,-0.6049353366298973,272.58255800684674,43.24922784328642,58009.628558387216,31.435878661087862,88.5014967668315,一级
286,2015-10-14,西藏,4.841462533282617,5.293314948649677,0.7421243818942564,0.6955895777862304,0.1330296690756942,90.2921624191708,-0.6665861544313427,1.217092050209205,272.72079878280715,44.35245530620008,58053.68763027767,31.435878661087862,88.5014967668315,一级
287,2015-10-15,西藏,6.848455686572842,7.6775770254849744,0.9880372765310004,0.6273012552301255,0.1392829973373906,90.20143590718904,1.829961962723469,1.3828052491441614,271.92091479650054,57.22936097375428,57893.57185812096,31.435878661087862,88.5014967668315,一级
288,2015-10-16,西藏,6.430437428680106,7.242518067706353,0.8730677063522252,0.5770140737923165,0.1462951692658805,91.65327881323697,0.9078242677824268,-0.397928870292887,270.9959927729175,60.41020159756562,57879.185315709394,31.435878661087862,88.5014967668315,一级
289,2015-10-17,西藏,4.161177253708635,4.443634461772537,0.4456865728413846,0.6186249524534043,0.1316375047546595,92.2684024343857,-0.1312209965766451,-0.3699144161278052,270.97393685812096,52.10868771395968,57944.21921262838,31.435878661087862,88.5014967668315,一级
290,2015-10-18,西藏,3.277318372004564,3.54609166983644,0.3073697223278813,0.7033434766070749,0.1304031951312286,91.6702719665272,1.3439406618486116,0.325684670977558,271.32019399011034,45.65166413084823,57977.89370863446,31.435878661087862,88.5014967668315,一级
291,2015-10-19,西藏,3.87821414986687,4.458965386078357,0.3424800304298212,0.786424496006086,0.1325523012552301,90.29908139977178,3.802114872575124,0.4791137314568277,271.8698193229365,46.09250095093192,57906.399324838334,31.435878661087862,88.5014967668315,一级
292,2015-10-20,西藏,4.446913275009509,5.2605039939140354,0.3320730315709395,0.7824496006085964,0.132586534804108,85.99775009509318,5.932862305058958,1.1234100418410042,272.09417839482694,47.102906047926965,57700.69913655382,31.435878661087862,88.5014967668315,一级
293,2015-10-21,西藏,4.5468162799543554,5.474060479269684,0.3320273868391023,0.7707740585774059,0.1338550779764168,86.84319322936479,5.626907569418029,1.054737542791936,270.76947508558385,48.22097755800685,57619.8223659186,31.435878661087862,88.5014967668315,一级
294,2015-10-22,西藏,4.939260174971472,5.674798402434385,0.4025523012552301,0.713364397109167,0.138063902624572,87.55466146823886,4.699092810954736,1.3447280334728031,270.39898630658047,44.29968619246862,57624.36104792696,31.435878661087862,88.5014967668315,一级
295,2015-10-23,西藏,6.148491821985546,7.035682769113732,0.624657664511221,0.6320235831114492,0.1581057436287561,89.99845378470901,4.526677443895017,1.2145454545454546,269.3588607835679,48.45034613921644,57525.82088246481,31.435878661087862,88.5014967668315,一级
296,2015-10-24,西藏,5.034788893115253,5.5754374286801065,0.4934442753898821,0.7211867630277672,0.1522251806770635,91.08049448459492,5.331420692278433,0.5643476607074934,269.543497527577,45.91285850133131,57618.20979079498,31.435878661087862,88.5014967668315,一级
297,2015-10-25,西藏,4.36782807151008,5.063862685431723,0.362168124762267,0.795131228604032,0.138592620768353,87.28776911373146,5.648801825789274,1.546860022822366,269.82283187523774,51.803769494104216,57739.26946557627,31.435878661087862,88.5014967668315,一级
298,2015-10-26,西藏,4.32841764929631,4.977187143400532,0.3510555344237352,0.8161087866108787,0.1353499429440852,84.12363446177254,4.276167744389502,1.9708254089007229,270.0186382655002,47.62798402434386,57809.14693609737,31.435878661087862,88.5014967668315,一级
299,2015-10-27,西藏,4.477015975656143,5.16472993533663,0.3669322936477748,0.7352909851654621,0.1334804108025865,81.29465386078357,6.331920882464815,2.343634461772537,269.40843286420693,43.005553442373525,57667.3971034614,31.435878661087862,88.5014967668315,一级
300,2015-10-28,西藏,3.823206542411563,4.411761125903386,0.2954963864587295,0.7536154431342716,0.136618486116394,79.68876949410422,3.898896918980601,1.6966337010270065,268.87282236591864,38.39748953974895,57700.04800494485,31.435878661087862,88.5014967668315,一级
301,2015-10-29,西藏,3.622915557246101,4.219389501711677,0.4246291365538227,0.6800855838721948,0.1393001141118296,81.05545834918219,1.1420445036135412,-0.2947812856599467,268.8809585393686,45.30461011791556,57803.0371453024,31.435878661087862,88.5014967668315,一级
302,2015-10-30,西藏,2.990532521871434,3.296369341955116,0.3415081780144541,0.6810193990110308,0.142168124762267,84.08614872575123,-1.3011011791555724,-1.8538702928870288,268.90003233168505,52.42615823507037,57928.82882655002,31.435878661087862,88.5014967668315,一级
303,2015-10-31,西藏,1.503917839482693,1.690612400152149,0.1168276911373145,0.6705895777862305,0.1419589197413465,86.95212438189427,-1.913567896538608,-0.0140015214910612,269.2217611259034,48.39230696082161,58020.87540890072,31.435878661087862,88.5014967668315,一级
304,2015-11-01,西藏,2.2428927348801824,2.506420692278433,0.2227139596804868,0.7823449980981361,0.1465233929250665,90.73032712057817,1.3233016356028908,1.0208368200836822,269.28884937238496,48.63616964625333,57936.67213198935,31.435878661087862,88.5014967668315,一级
305,2015-11-02,西藏,3.5846310384176494,4.144769874476988,0.4125675161658426,0.7769322936477748,0.1439387599847851,90.68357740585776,4.542843286420692,0.0725675161658425,269.2233434766071,52.75797071129707,57789.30013883606,31.435878661087862,88.5014967668315,一级
306,2015-11-03,西藏,4.227919360973755,4.954560669456067,0.4430505895777862,0.7704222137694942,0.1416013693419551,83.07872765310005,5.6224229745150245,0.6377748193229364,268.9735812095854,52.11786801065044,57628.52266831495,31.435878661087862,88.5014967668315,一级
307,2015-11-04,西藏,4.986314187904147,5.960793077215671,0.5248440471662229,0.7387333586915177,0.1484842145302396,81.12021681247622,7.174657664511221,1.31179155572461,267.8910174971472,54.07659376188665,57405.60384556865,31.435878661087862,88.5014967668315,一级
308,2015-11-05,西藏,5.973482312666413,6.941837200456448,0.7362419170787371,0.6773145682769114,0.1642829973373906,80.74702358311144,8.407173830353747,1.299121338912134,266.6272441993153,55.98140357550399,57278.01916317992,31.435878661087862,88.5014967668315,一级
309,2015-11-06,西藏,6.344722327881324,7.423292126283758,0.7651787751996957,0.6374572080639026,0.1717801445416508,84.17146633701027,7.304435146443515,0.181009889691898,264.95027577025485,56.74523202738684,57237.4115880563,31.435878661087862,88.5014967668315,一级
310,2015-11-07,西藏,3.977751996957018,4.730988969189807,0.4375561049828832,0.6639064282997338,0.1633605933815139,86.69305439330545,5.409132750095093,-0.388004944845949,264.9884442753899,49.48109737542792,57474.73928489921,31.435878661087862,88.5014967668315,一级
311,2015-11-08,西藏,2.285509699505515,2.6653309243058194,0.239733739064283,0.7885355648535565,0.1396595663750475,81.10570559147965,5.643280715100799,0.9140813997717764,266.4598288322556,44.50937048307341,57647.30685621909,31.435878661087862,88.5014967668315,一级
312,2015-11-09,西藏,2.6220387980220616,3.163236972232788,0.2470559147965005,0.8406200076074553,0.136732597945987,78.22697223278813,5.011677443895017,0.9506998858881704,266.44459870673256,51.46168505135032,57600.349606314194,31.435878661087862,88.5014967668315,一级
313,2015-11-10,西藏,2.570684670977558,3.1830239634842146,0.238233168505135,0.7764359071890453,0.134716622289844,80.00711106884748,5.330146443514645,0.7077405857740586,265.6794636744009,57.066439710916704,57427.85640167364,31.435878661087862,88.5014967668315,一级
314,2015-11-11,西藏,2.2996671738303536,2.790874857360213,0.213292126283758,0.6618695321414987,0.1378642069227843,81.89268352985926,4.546321795359453,-0.6760136934195512,265.20813617345,54.89639406618486,57402.583839863066,31.435878661087862,88.5014967668315,一级
315,2015-11-12,西藏,1.149927729174591,1.308326359832636,0.0729155572461011,0.7053632559908711,0.1328242677824267,80.29910992772916,5.582944085203499,-2.5658729554963866,267.5448288322556,44.174572080639024,57733.10120197794,31.435878661087862,88.5014967668315,一级
316,2015-11-13,西藏,1.1051768733358691,1.383710536325599,0.055401293267402,0.8168391023202738,0.133727653100038,78.94956827691138,7.507721567135793,-0.421314187904146,270.1141308482313,41.066536705971856,57781.32407379232,31.435878661087862,88.5014967668315,一级
317,2015-11-14,西藏,1.8126569037656903,2.22391403575504,0.0908634461772537,0.8866375047546595,0.1307569418029669,76.91092050209205,7.707731076454926,-0.5681418790414606,269.45521871434005,46.41444085203499,57528.8962932674,31.435878661087862,88.5014967668315,一级
318,2015-11-15,西藏,2.3649125142639784,2.7133149486496766,0.1044332445796881,0.7902206162038797,0.1229707112970711,73.28464244960061,7.414501711677444,0.1127424876378851,268.2961563332065,40.873999619627234,57403.11468048688,31.435878661087862,88.5014967668315,一级
319,2015-11-16,西藏,3.3447565614302017,3.9760479269684295,0.1879269684290604,0.7444218333967288,0.1274515024724229,76.97300304298211,9.254452263217956,-0.5870178775199696,267.1190471662229,40.59215861544313,57296.56059718524,31.435878661087862,88.5014967668315,一级
320,2015-11-17,西藏,2.691892354507417,3.263172308862685,0.2593058197033092,0.7389159376188664,0.1357949790794979,80.68363636363637,3.69826359832636,-0.5416983643971092,265.0318923545074,41.724488398630655,57350.76583682008,31.435878661087862,88.5014967668315,一级
321,2015-11-18,西藏,2.9552149106124004,3.408489920121719,0.296217192848992,0.796276150627615,0.146618486116394,82.60678965386079,4.024060479269684,-2.0253822746291363,265.5431171548117,43.60315329022442,57599.81551920882,31.435878661087862,88.5014967668315,一级
322,2015-11-19,西藏,1.0652339292506656,1.2226911373145684,0.0814910612400152,0.8026987447698745,0.1393324457968809,80.82529859262077,4.010081780144541,-2.3671548117154813,267.575713198935,33.491173449980984,57946.06778623051,31.435878661087862,88.5014967668315,一级
323,2015-11-20,西藏,1.038537466717383,1.3071376949410425,0.0562286040319513,0.9489406618486116,0.1369513122860403,79.60837580829214,4.747050209205021,-0.4486534804108026,269.4917915557246,31.197696842906048,57956.31440471662,31.435878661087862,88.5014967668315,一级
324,2015-11-21,西藏,1.2844922023583112,1.6586686953214151,0.0682198554583491,1.0283358691517688,0.1350608596424496,78.28215671357931,5.888149486496767,-0.5502320273868391,270.44026245720806,29.214663370102706,57904.06581399772,31.435878661087862,88.5014967668315,一级
325,2015-11-22,西藏,1.47674210726512,1.825169265880563,0.0665652339292506,1.0627139596804869,0.1319360973754279,75.95543172308862,5.349109927729175,0.6116831494864968,270.34738303537466,28.125931913275007,57853.95619246863,31.435878661087862,88.5014967668315,一级
326,2015-11-23,西藏,1.811027006466337,2.39011601369342,0.1060821605173069,0.9932217573221755,0.1254811715481171,74.55336059338151,7.018276911373145,0.4088836059338151,269.45866298973,36.243604031951314,57766.094022442,31.435878661087862,88.5014967668315,一级
327,2015-11-24,西藏,1.7615271966527195,2.119391403575504,0.0953670597185241,0.9498079117535184,0.1216888550779764,70.28404336249524,5.8771129707112975,-0.3490072270825409,268.94952263217954,40.3525427919361,57781.00199695702,31.435878661087862,88.5014967668315,一级
328,2015-11-25,西藏,1.7155686572841382,2.0546995055154054,0.0867953594522632,0.9034594903004944,0.1217306960821605,69.00674971472043,5.381259033853176,-0.4238531761125903,268.7148117154812,37.02426588056295,57777.09480791175,31.435878661087862,88.5014967668315,一级
329,2015-11-26,西藏,1.8410213008748573,2.2314682388740965,0.1076264739444655,0.8812038798022062,0.1219360973754279,69.90327881323697,7.241051730696082,1.4425427919360974,268.36569798402434,36.98919360973754,57510.89445796881,31.435878661087862,88.5014967668315,一级
330,2015-11-27,西藏,3.9749068086725,4.908649676683149,0.3526435907189045,0.7392354507417269,0.1389806009889692,73.24119056675542,7.107751996957018,1.3514796500570558,265.8799334347661,52.8517402054013,57119.16339482693,31.435878661087862,88.5014967668315,一级
331,2015-11-28,西藏,4.787953594522633,5.504750855838722,0.5052700646633701,0.6869589197413466,0.1498953974895397,75.848552681628,4.4976321795359455,0.0925713198934956,264.9157227082541,55.54047166222898,57441.5253841765,31.435878661087862,88.5014967668315,一级
332,2015-11-29,西藏,3.617396348421453,4.190315709395208,0.3607550399391403,0.854066184861164,0.1382559908710536,77.62378470901483,5.4989958158995815,0.2167021681247622,266.56736211487254,45.05300494484595,57759.82591099277,31.435878661087862,88.5014967668315,一级
333,2015-11-30,西藏,2.7602263217953595,3.12596995055154,0.2357721567135793,0.8799087105363257,0.1291194370483073,73.15688474705212,5.363101939901103,-0.5995188284518829,266.5912476226702,41.37279573982503,57752.30209585394,31.435878661087862,88.5014967668315,一级
334,2015-12-01,西藏,2.29261886648916,2.592076835298593,0.1918790414606314,0.7898611639406619,0.1326359832635983,75.51151388360593,2.8106998858881704,-0.922151007987828,265.41652149106125,39.40416508178014,57609.32527006466,31.435878661087862,88.5014967668315,一级
335,2015-12-02,西藏,2.718082921262837,3.021955116013693,0.2056485355648535,0.8473335869151768,0.1412457208063902,78.54054963864587,2.219906808672499,0.5853157093952074,264.7071738303538,42.45430391783948,57464.7503157094,31.435878661087862,88.5014967668315,一级
336,2015-12-03,西藏,3.6774229745150246,4.140701787751997,0.365456447318372,0.7549885888170407,0.1522803347280334,77.8570996576645,2.936920882464816,-2.557093952073032,263.4874610117916,54.03076454925827,57376.05316660328,31.435878661087862,88.5014967668315,一级
337,2015-12-04,西藏,2.1126911373145685,2.352803347280335,0.2286344617725371,0.6511182959300114,0.1470521110688474,74.49053632559908,5.405140737923165,-4.101677443895017,264.06011791555727,49.36823507036896,57486.09732978319,31.435878661087862,88.5014967668315,一级
338,2015-12-05,西藏,1.2240756941802966,1.5015310003803728,0.1171738303537466,0.7165100798782806,0.138022061620388,72.93556104982883,5.142021681247623,-4.5920026626093575,265.2177348801826,51.19620578166604,57622.90053062001,31.435878661087862,88.5014967668315,一级
339,2015-12-06,西藏,0.9248858881704072,1.0754963864587297,0.0589197413465195,0.7535697984024344,0.1401445416508178,72.2723069608216,4.405897679726132,-2.3041232407759606,265.34283567896534,47.225009509319136,57692.675237732976,31.435878661087862,88.5014967668315,一级
340,2015-12-07,西藏,1.0922365918600228,1.329657664511221,0.0868961582350703,0.7926664130848231,0.1334651958919741,70.48534804108026,5.226297071129707,-1.8067440091289464,264.96581780144544,46.805852034994295,57575.63666983644,31.435878661087862,88.5014967668315,一级
341,2015-12-08,西藏,1.3513560289083302,1.5597907949790792,0.1200475465956637,0.7770939520730316,0.1314929631038417,70.1804298212248,6.347225180677063,-2.67793837961202,264.557577025485,48.0652795739825,57457.8951521491,31.435878661087862,88.5014967668315,一级
342,2015-12-09,西藏,1.4920635222518068,1.6697432483834158,0.1043685812095853,0.8118790414606314,0.1223392925066565,68.7277577025485,7.568822746291366,-1.243136173449981,265.78764739444654,41.70867630277672,57452.06692468619,31.435878661087862,88.5014967668315,一级
343,2015-12-10,西藏,2.211976036515785,2.739378090528718,0.1624419931532902,0.7583244579688094,0.1277291745910992,75.50976987447699,9.588851274248764,1.291414986686953,265.8403233168505,49.08298402434385,57151.160618105736,31.435878661087862,88.5014967668315,一级
344,2015-12-11,西藏,4.652124381894256,5.744878280715101,0.635857740585774,0.7059071890452643,0.1446234309623431,75.66953784709014,11.17294979079498,4.279201217192849,264.7779973373906,49.08344998098136,56752.67361163941,31.435878661087862,88.5014967668315,一级
345,2015-12-12,西藏,8.601369341955117,10.192428680106504,1.5074324838341575,0.6499334347660707,0.1806124001521491,85.7122708254089,10.122942183339672,0.6138018257892734,262.0569912514264,53.9677291745911,56695.09086154431,31.435878661087862,88.5014967668315,一级
346,2015-12-13,西藏,7.504224039558768,8.770406998858883,1.293427158615443,0.6582027386839102,0.1521985545834918,78.01833396728794,7.888790414606315,0.5791745910992774,261.88126283758083,45.24717192848992,56895.923271205786,31.435878661087862,88.5014967668315,一级
347,2015-12-14,西藏,6.010536325599087,7.153773297831876,0.9687923164701407,0.7082027386839103,0.1552719665271966,71.02040319513124,7.911795359452263,-0.0584309623430962,260.5806314187904,47.42134081399772,56863.43447508559,31.435878661087862,88.5014967668315,一级
348,2015-12-15,西藏,4.933666793457589,5.852261316089768,0.7181856219094712,0.7346995055154051,0.1681342715861544,71.71713769494104,6.476812476226702,-0.9951426397869912,258.79899391403575,51.25392734880183,56783.94637504755,31.435878661087862,88.5014967668315,一级
349,2015-12-16,西藏,2.868875998478509,3.345772156713579,0.3721281856219094,0.7129478889311525,0.1395949030049448,71.05231456827691,8.087449600608595,-1.583440471662229,260.4081076454926,43.74585774058578,56989.56787371624,31.435878661087862,88.5014967668315,一级
350,2015-12-17,西藏,3.3740585774058576,4.081584252567517,0.3913541270445035,0.7429307721567135,0.1370045644731837,69.96476226702167,7.7431000380372765,1.4268733358691517,260.8315709395207,48.28021681247623,56822.06889121339,31.435878661087862,88.5014967668315,一级
351,2015-12-18,西藏,3.9652434385697983,4.621569037656903,0.6155344237352606,0.6036782046405477,0.1588075313807531,76.26534804108026,6.742641688855078,-0.2631380753138075,257.8797508558387,55.477190947128186,56678.798124762274,31.435878661087862,88.5014967668315,一级
352,2015-12-19,西藏,2.4461696462533284,2.8015405096995054,0.3852795739825028,0.6365918600228223,0.1413389121338912,74.24383605933815,7.193197033092431,-0.6955496386458729,258.55358501331307,45.96663179916317,56948.1892430582,31.435878661087862,88.5014967668315,一级
353,2015-12-20,西藏,2.538436667934576,3.368191327500951,0.3223849372384937,0.6818372004564474,0.1424286801065043,75.49476036515786,10.204368581209586,0.6155249144161278,259.4402358311145,46.9492335488779,56786.9612095854,31.435878661087862,88.5014967668315,一级
354,2015-12-21,西藏,3.1681551920882463,4.18733739064283,0.3740072270825408,0.6592031190566756,0.1543780905287181,75.87017687333586,6.09733739064283,0.6124419931532902,257.8773411943705,52.67214340053252,56816.64389501712,31.435878661087862,88.5014967668315,一级
355,2015-12-22,西藏,2.9548763788512744,3.790581970330925,0.2730886268543172,0.7419132750095093,0.145190186382655,71.64332635983263,8.965720806390262,1.2026093571700265,259.21421643210346,50.424785089387605,56879.18981361735,31.435878661087862,88.5014967668315,一级
356,2015-12-23,西藏,2.9440623811335107,4.69809243058197,0.2566983643971092,0.6857550399391403,0.1312799543552681,71.70793077215671,9.666131608976796,1.6388779003423353,259.80538227462915,50.59181437809053,56812.08658615443,31.435878661087862,88.5014967668315,一级
357,2015-12-24,西藏,3.2751806770635223,5.051939901103081,0.34652149106124,0.6537656903765691,0.1345949030049448,72.60157284138455,4.539406618486116,0.8714606314187905,258.1047052111069,52.48140357550399,56751.89846519589,31.435878661087862,88.5014967668315,一级
358,2015-12-25,西藏,2.802004564473184,3.599585393685812,0.3846709775580068,0.5759147965005705,0.1376492963103841,79.67411563332065,3.871582350703689,-1.6639273488018258,257.4533834157474,51.59498668695321,57020.40627615063,31.435878661087862,88.5014967668315,一级
359,2015-12-26,西藏,1.2405306200076074,1.5764530239634842,0.1173545074172689,0.7147679726131609,0.1293685812095854,75.91543172308863,8.103636363636364,-4.772422974515025,261.6979231647014,45.517748193229366,57330.580511601365,31.435878661087862,88.5014967668315,一级
360,2015-12-27,西藏,1.2556143020159758,1.615114111829593,0.0657683529859262,0.8881608976797261,0.1305667554203119,73.1098421453024,9.732301255230126,-2.1081399771776343,266.34333016356027,48.02612970711297,57550.243889311525,31.435878661087862,88.5014967668315,一级
361,2015-12-28,西藏,1.203330163560289,1.5523773297831875,0.0572080639026245,0.8042202358311146,0.1233586915176873,73.80708063902625,10.028387219475086,-2.543917839482693,266.35426588056293,42.72147394446558,57607.84935146444,31.435878661087862,88.5014967668315,一级
362,2015-12-29,西藏,1.046572841384557,1.411783948269304,0.0605952833777101,0.7239102320273869,0.1178109547356409,70.54975275770255,8.237080639026246,-2.3381799163179915,264.7829764168885,34.28476797261316,57536.4475028528,31.435878661087862,88.5014967668315,一级
363,2015-12-30,西藏,1.4666279954355268,1.8165310003803727,0.0895853936858121,0.7462685431723088,0.1170502092050209,69.43761506276151,7.04572270825409,-0.1044085203499429,263.46992202358314,38.858179916318,57376.67505895777,31.435878661087862,88.5014967668315,一级
364,2015-12-31,西藏,1.798360593381514,2.3438874096614684,0.1637771015595283,0.6962685431723089,0.1312133891213389,76.3789406618486,4.540243438569799,-0.6394351464435146,261.11236782046404,47.62491821985546,57411.89655382274,31.435878661087862,88.5014967668315,一级
